,T_Const,primaryTitle,movieId,tsne_score
0,114709,Toy Story,2501,-113.928764
1,266543,Finding Nemo,5995,-113.89198
2,1049413,Up,81229,-113.863365
3,198781,"Monsters, Inc.",4816,-113.8308
4,435761,Toy Story 3,52287,-113.73379
5,382932,Ratatouille,40815,-113.61003
6,126029,Shrek,3668,-113.532394
7,2096673,Inside Out,116797,-113.5316
8,120363,Toy Story 2,3267,-113.35021
9,2380307,Coco,122918,-113.316475
10,2948356,Zootopia,138036,-113.134155
11,2294629,Frozen,122904,-112.98037
12,1323594,Despicable Me,94777,-112.93522
13,398286,Tangled,45499,-112.793945
14,1772341,Wreck-It Ralph,111113,-112.75817
15,268380,Ice Age,6218,-112.618744
16,1690953,Despicable Me 2,108932,-112.40243
17,432283,Fantastic Mr. Fox,51412,-112.36564
18,298148,Shrek 2,6807,-112.34623
19,1453405,Monsters University,99112,-112.29663
20,1217209,Brave,88810,-112.20902
21,2277860,Finding Dory,122882,-112.20456
22,317219,Cars,7254,-112.13581
23,462538,The Simpsons Movie,56171,-111.97988
24,876563,Ponyo,69406,-111.74298
25,837562,Hotel Transylvania,68237,-111.71179
26,351283,Madagascar,8969,-111.703514
27,1080016,Ice Age: Dawn of the Dinosaurs,82461,-111.45451
28,844471,Cloudy with a Chance of Meatballs,68791,-111.4265
29,780521,The Princess and the Frog,62849,-111.40083
30,2293640,Minions,122892,-111.37847
31,461770,Enchanted,56145,-111.34955
32,397892,Bolt,45447,-111.272606
33,438097,Ice Age: The Meltdown,52722,-111.27122
34,479952,Madagascar: Escape 2 Africa,59258,-111.1946
35,312004,Wallace & Gromit: The Curse of the Were-Rabbit,7151,-111.10897
36,396555,Meet the Robinsons,45186,-111.06833
37,327084,Over the Hedge,7458,-111.05651
38,413267,Shrek the Third,47610,-111.02741
39,366548,Happy Feet,31878,-110.97909
40,338348,The Polar Express,8807,-110.91335
41,358082,Robots,26776,-110.890884
42,307453,Shark Tale,6953,-110.81881
43,275847,Lilo & Stitch,6333,-110.5722
44,120630,Chicken Run,3316,-110.36077
45,120917,The Emperor's New Groove,3578,-110.32407
46,138749,The Road to El Dorado,3827,-110.28848
47,120855,Tarzan,3503,-110.25899
48,120623,A Bug's Life,3307,-110.23633
49,120587,Antz,3273,-110.18038
50,120762,Mulan,3440,-110.12634
51,119282,Hercules,3107,-110.07449
52,117705,Space Jam,2863,-110.017166
53,115641,Beavis and Butt-Head Do America,2572,-109.83925
54,113198,A Goofy Movie,2375,-109.73743
55,103639,Aladdin,1474,-109.59751
56,104652,Porco Rosso,1584,-109.45717
57,97757,The Little Mermaid,1273,-109.37167
58,96438,Who Framed Roger Rabbit,1240,-109.27906
59,96787,All Dogs Go to Heaven,1248,-109.19061
60,95776,Oliver & Company,1225,-109.11222
61,90633,An American Tail,1025,-108.98205
62,76538,Pete's Dragon,455,-108.44198
63,76618,The Rescuers,457,-108.38168
64,70608,Robin Hood,366,-108.192894
65,66817,Bedknobs and Broomsticks,319,-108.17929
66,65421,The Aristocats,306,-108.14953
67,63823,Yellow Submarine,282,-108.099846
68,61852,The Jungle Book,262,-108.067474
69,57546,The Sword in the Stone,230,-108.05211
70,55254,One Hundred and One Dalmatians,186,-108.02007
71,48280,Lady and the Tramp,140,-107.973946
72,43274,Alice in Wonderland,76,-107.9427
73,32910,Pinocchio,24,-107.880646
74,29583,Snow White and the Seven Dwarfs,15,-104.79591
75,46183,Peter Pan,104,-104.79086
76,53285,Sleeping Beauty,165,-104.79016
77,97814,Kiki's Delivery Service,1275,-104.78681
78,116683,James and the Giant Peach,2719,-104.78517
79,92067,Castle in the Sky,1091,-104.784744
80,245429,Spirited Away,5418,-104.78269
81,115509,All Dogs Go to Heaven 2,2565,-104.78211
82,347149,Howl's Moving Castle,8949,-104.78204
83,910970,WALL·E,70286,-104.78188
84,73195,Jaws,410,-101.0853
85,58150,Goldfinger,231,-100.66439
86,57076,From Russia with Love,222,-100.64562
87,59800,Thunderball,246,-100.588844
88,62512,You Only Live Twice,265,-100.55404
89,64757,On Her Majesty's Secret Service,296,-100.51969
90,66995,Diamonds Are Forever,329,-100.456795
91,70328,Live and Let Die,362,-100.418465
92,71807,The Man with the Golden Gun,379,-100.3851
93,76752,The Spy Who Loved Me,468,-100.32986
94,83944,First Blood,653,-100.197075
95,82398,For Your Eyes Only,587,-100.0989
96,89880,Rambo: First Blood Part II,986,-99.82048
97,90264,A View to a Kill,1013,-99.81387
98,93428,The Living Daylights,1171,-99.74554
99,97742,Licence to Kill,1272,-99.613655
100,95956,Rambo III,1228,-99.60325
101,99810,The Hunt for Red October,1333,-99.60301
102,109676,Drop Zone,2010,-99.39165
103,106582,Cliffhanger,1721,-99.37636
104,114781,Under Siege 2: Dark Territory,2505,-99.34501
105,116253,Executive Decision,2686,-99.27248
106,115759,Broken Arrow,2600,-99.25702
107,118928,Dante's Peak,3034,-99.22106
108,117998,Twister,2942,-99.18723
109,120347,Tomorrow Never Dies,3264,-99.133286
110,113189,GoldenEye,2371,-99.130035
111,111257,Speed,2141,-99.076775
112,186566,Space Cowboys,4571,-99.06396
113,143145,The World Is Not Enough,3916,-99.03945
114,295701,xXx,6773,-98.96311
115,117500,The Rock,2808,-98.95568
116,112864,Die Hard with a Vengeance,2336,-98.92716
117,246460,Die Another Day,5464,-98.91331
118,117060,Mission: Impossible,2791,-98.90868
119,120755,Mission: Impossible II,3439,-98.90321
120,317919,Mission: Impossible III,7324,-98.54255
121,429493,The A-Team,51077,-98.487076
122,1320253,The Expendables,94677,-98.486664
123,830515,Quantum of Solace,67255,-98.46036
124,1194173,The Bourne Legacy,88125,-98.42173
125,2379713,Spectre,122916,-98.27571
126,2381249,Mission: Impossible - Rogue Nation,122920,-98.21882
127,381061,Casino Royale,40278,-98.165535
128,1074638,Skyfall,81932,-98.11074
129,129167,The Iron Giant,3699,-94.73117
130,1446192,Rise of the Guardians,98961,-94.728745
131,983193,The Adventures of Tintin,73017,-94.727936
132,1490017,The Lego Movie,102445,-94.72744
133,1646971,How to Train Your Dragon 2,106489,-94.727196
134,1192628,Rango,87520,-94.72612
135,1302011,Kung Fu Panda 2,93363,-94.72604
136,441773,Kung Fu Panda,53000,-94.72603
137,107692,Ninja Scroll,1884,-94.72596
138,472033,9,57640,-94.72593
139,106364,Batman: Mask of the Phantasm,1693,-94.725685
140,2245084,Big Hero 6,118696,-94.7256
141,892769,How to Train Your Dragon,69844,-94.72387
142,317705,The Incredibles,7317,-94.72348
143,230011,Atlantis: The Lost Empire,5103,-94.722855
144,120913,Titan A.E.,3556,-94.72107
145,173840,Final Fantasy: The Spirits Within,4291,-94.71644
146,2015381,Guardians of the Galaxy,115569,-91.80374
147,1431045,Deadpool,98809,-91.78379
148,3501632,Thor: Ragnarok,164179,-91.72381
149,3896198,Guardians of the Galaxy Vol. 2,174055,-91.67935
150,2802144,Kingsman: The Secret Service,135887,-91.66885
151,5463162,Deadpool 2,187593,-91.65798
152,478970,Ant-Man,58803,-91.6219
153,1638355,The Man from U.N.C.L.E.,106072,-91.332634
154,1409024,Men in Black 3,97913,-91.1407
155,2788710,The Interview,135569,-91.06538
156,3110958,Now You See Me 2,143355,-91.062775
157,119654,Men in Black,3173,-91.03495
158,362270,The Life Aquatic with Steve Zissou,30810,-90.6997
159,425061,Get Smart,49286,-90.53822
160,80455,The Blues Brothers,533,-90.469376
161,120188,Three Kings,3257,-90.404
162,92007,Star Trek IV: The Voyage Home,1090,-90.26048
163,90728,Big Trouble in Little China,1028,-90.241745
164,110478,Maverick,2087,-90.18788
165,120746,The Mask of Zorro,3435,-90.18633
166,117110,Muppet Treasure Island,2795,-90.11138
167,327850,The Rundown,8360,-90.10997
168,145660,Austin Powers: The Spy Who Shagged Me,3972,-90.09119
169,88011,Romancing the Stone,904,-90.04534
170,184894,Shanghai Noon,4447,-90.016174
171,93260,Innerspace,1131,-89.96353
172,100758,Teenage Mutant Ninja Turtles,1370,-89.91924
173,116704,First Strike,2722,-89.87448
174,250687,Rat Race,5577,-89.82613
175,90555,Crocodile Dundee,1021,-89.79648
176,120912,Men in Black II,3555,-89.75585
177,107362,Last Action Hero,1831,-89.70433
178,295178,Austin Powers in Goldmember,6755,-89.70328
179,274166,Johnny English,6296,-89.68816
180,300471,Shanghai Knights,6873,-89.6391
181,108333,The Three Musketeers,1956,-89.54324
182,122718,Small Soldiers,3618,-89.5373
183,355295,The Brothers Grimm,8981,-89.30717
184,89370,The Jewel of the Nile,934,-89.21818
185,103060,Teenage Mutant Ninja Turtles II: The Secret of the Ooze,1457,-89.18317
186,120828,Six Days Seven Nights,3483,-89.06632
187,91129,The Golden Child,1037,-89.03224
188,160127,Charlie's Angels,4019,-88.92154
189,112760,Cutthroat Island,2321,-88.916275
190,227538,Spy Kids,5066,-88.90259
191,92493,Crocodile Dundee II,1094,-88.87314
192,119190,George of the Jungle,3098,-88.76232
193,239395,Cats & Dogs,5265,-88.47669
194,117331,The Phantom,2802,-88.42045
195,305357,Charlie's Angels: Full Throttle,6944,-88.38912
196,86393,Superman III,786,-88.3644
197,231402,Crocodile Dundee in Los Angeles,5128,-88.34524
198,108308,Teenage Mutant Ninja Turtles III,1955,-88.31166
199,91225,Howard the Duck,1057,-88.28939
200,141369,Inspector Gadget,3893,-88.21339
201,112715,Congo,2312,-86.23197
202,1515091,Sherlock Holmes: A Game of Shadows,103141,-86.214806
203,111280,Star Trek: Generations,2143,-86.21439
204,465234,National Treasure: Book of Secrets,56587,-86.21261
205,988045,Sherlock Holmes,76077,-86.21236
206,368891,National Treasure,33493,-86.21175
207,1840309,Divergent,111759,-86.21061
208,53125,North by Northwest,163,-86.20924
209,346156,Sky Captain and the World of Tomorrow,8917,-86.20757
210,54047,The Magnificent Seven,172,-85.125374
211,65214,The Wild Bunch,303,-85.118095
212,111756,Wyatt Earp,2186,-85.0116
213,317648,Hidalgo,7293,-85.010376
214,120053,The Saint,3244,-84.76485
215,183790,A Knight's Tale,4388,-84.760796
216,87469,Indiana Jones and the Temple of Doom,839,-84.27621
217,96895,Batman,1250,-84.27592
218,61578,The Dirty Dozen,253,-84.26965
219,120657,The 13th Warrior,3360,-84.26636
220,82971,Indiana Jones and the Raiders of the Lost Ark,596,-84.260994
221,97576,Indiana Jones and the Last Crusade,1269,-84.25928
222,112462,Batman Forever,2249,-84.25534
223,367882,Indiana Jones and the Kingdom of the Crystal Skull,33004,-84.2391
224,93773,Predator,1179,-83.36403
225,463854,28 Weeks Later,56174,-83.35744
226,389722,30 Days of Night,44555,-83.35507
227,118615,Anaconda,2959,-83.33597
228,816711,World War Z,65230,-83.33418
229,370263,Alien vs. Predator,34048,-83.33262
230,232500,The Fast and the Furious,5151,-82.30499
231,111143,The Shadow,2135,-82.293495
232,257076,S.W.A.T.,5785,-82.29292
233,463985,The Fast and the Furious: Tokyo Drift,56367,-82.29073
234,184858,Reindeer Games,4446,-82.28987
235,322259,2 Fast 2 Furious,7373,-82.287285
236,417148,Snakes on a Plane,48394,-82.28429
237,120179,Speed 2: Cruise Control,3255,-82.28345
238,120738,Lost in Space,3421,-80.995575
239,499448,The Chronicles of Narnia: Prince Caspian,60684,-80.99553
240,113820,Mighty Morphin Power Rangers: The Movie,2409,-80.99376
241,449010,Eragon,53996,-80.99343
242,102803,The Rocketeer,1438,-80.98774
243,417741,Harry Potter and the Half-Blood Prince,48516,-80.96719
244,373889,Harry Potter and the Order of the Phoenix,36519,-80.96355
245,91326,The Karate Kid Part II,1061,-80.76706
246,119698,Princess Mononoke,3176,-79.80763
247,77869,The Lord of the Rings,489,-79.80584
248,82509,Heavy Metal,590,-79.80583
249,1375666,Inception,95510,-78.632996
250,848228,The Avengers,68954,-78.46693
251,4154756,Avengers: Infinity War,176371,-78.350075
252,1392190,Mad Max: Fury Road,96821,-78.233864
253,371746,Iron Man,34162,-78.19366
254,2488496,Star Wars: Episode VII - The Force Awakens,122924,-78.06931
255,1843866,Captain America: The Winter Soldier,111781,-77.95293
256,3498820,Captain America: Civil War,159093,-77.92104
257,1877832,X-Men: Days of Future Past,112290,-77.879005
258,1631867,Edge of Tomorrow,104913,-77.84635
259,3748528,Rogue One: A Star Wars Story,168250,-77.798584
260,2395427,Avengers: Age of Ultron,122922,-77.69881
261,1270798,X-Men: First Class,91500,-77.69439
262,1392170,The Hunger Games,96737,-77.648224
263,796366,Star Trek,63876,-77.642624
264,1825683,Black Panther,111743,-77.62446
265,1951264,The Hunger Games: Catching Fire,112623,-77.57464
266,2250912,Spider-Man: Homecoming,119141,-77.5623
267,1408101,Star Trek Into Darkness,97752,-77.47467
268,1300854,Iron Man 3,93326,-77.46663
269,770828,Man of Steel,62374,-77.324814
270,107290,Jurassic Park,1805,-77.24465
271,458339,Captain America: The First Avenger,55290,-77.226746
272,145487,Spider-Man,3968,-77.183334
273,1228705,Iron Man 2,89492,-77.14628
274,316654,Spider-Man 2,7173,-76.961624
275,90605,Aliens,1022,-76.80351
276,948470,The Amazing Spider-Man,72011,-76.67454
277,369610,Jurassic World,33794,-76.672226
278,418279,Transformers,48738,-76.64549
279,120903,X-Men,3536,-76.59387
280,379786,Serenity,39446,-76.46008
281,119116,The Fifth Element,3072,-76.32543
282,1483013,Oblivion,102407,-76.2546
283,2975590,Batman v Superman: Dawn of Justice,139385,-76.22573
284,1663662,Pacific Rim,107348,-76.01768
285,116629,Independence Day,2713,-75.94855
286,3385516,X-Men: Apocalypse,152081,-75.87059
287,1872181,The Amazing Spider-Man 2,112183,-75.69475
288,2660888,Star Trek Beyond,135143,-75.607475
289,1951265,The Hunger Games: Mockingjay - Part 1,112852,-75.599945
290,800080,The Incredible Hulk,64614,-75.390564
291,1104001,TRON: Legacy,84374,-75.36792
292,831387,Godzilla,67734,-75.364624
293,376994,X-Men: The Last Stand,37741,-75.34914
294,1731141,Ender's Game,110102,-75.21831
295,401729,John Carter,45672,-75.21133
296,413300,Spider-Man 3,47629,-75.18006
297,438488,Terminator Salvation,52973,-75.11855
298,1399103,Transformers: Dark of the Moon,97304,-75.0669
299,407304,War of the Worlds,46578,-75.03521
300,319262,The Day After Tomorrow,7360,-74.903625
301,1055369,Transformers: Revenge of the Fallen,81591,-74.77445
302,489099,Jumper,59900,-74.69721
303,1190080,2012,87306,-74.66503
304,348150,Superman Returns,8950,-74.543495
305,120591,Armageddon,3274,-74.52392
306,296572,The Chronicles of Riddick,6787,-74.508575
307,119567,The Lost World: Jurassic Park,3160,-74.362114
308,163025,Jurassic Park III,4034,-74.24118
309,402022,Æon Flux,45728,-74.081535
310,133152,Planet of the Apes,3752,-74.07132
311,268695,The Time Machine,6242,-74.03459
312,253754,Star Trek: Nemesis,5673,-73.9856
313,149261,Deep Blue Sea,3996,-73.91423
314,116225,Escape from L.A.,2671,-73.754486
315,120844,Star Trek: Insurrection,3499,-73.70976
316,118661,The Avengers,2973,-73.7097
317,185183,Battlefield Earth,4487,-73.69697
318,114898,Waterworld,2532,-73.6879
319,94074,Superman IV: The Quest for Peace,1196,-73.62494
320,120201,Starship Troopers,3258,-73.32621
321,111282,Stargate,2144,-73.08379
322,100802,Total Recall,1371,-72.84856
323,102975,Star Trek VI: The Undiscovered Country,1449,-72.73425
324,89530,Mad Max Beyond Thunderdome,953,-72.689705
325,87182,Dune,832,-72.621414
326,88170,Star Trek III: The Search for Spock,909,-72.56184
327,84827,TRON,733,-72.5089
328,79574,Moonraker,516,-72.50038
329,82340,Escape from New York,585,-72.46749
330,81573,Superman II,551,-72.4666
331,79501,Mad Max,514,-72.45533
332,82694,The Road Warrior,593,-72.44294
333,84726,Star Trek II: The Wrath of Khan,714,-72.43969
334,74812,Logan's Run,428,-72.42068
335,78346,Superman,491,-72.41138
336,65462,Beneath the Planet of the Apes,307,-72.40468
337,1446714,Prometheus,99007,-71.084015
338,79945,Star Trek: The Motion Picture,527,-71.07677
339,86837,2010: The Year We Make Contact,800,-71.07647
340,62622,2001: A Space Odyssey,266,-70.62256
341,49223,Forbidden Planet,150,-70.62166
342,63442,Planet of the Apes,276,-70.615074
343,87544,Nausicaä of the Valley of the Wind,849,-70.57742
344,83866,E.T. the Extra-Terrestrial,640,-70.54893
345,24216,King Kong,10,-70.43261
346,183523,Mission to Mars,4370,-70.17025
347,76759,Star Wars,471,-68.515335
348,80684,Star Wars: Episode V - The Empire Strikes Back,537,-68.50173
349,86190,Star Wars: Episode VI - Return of the Jedi,778,-68.422066
350,325980,Pirates of the Caribbean: The Curse of the Black Pearl,7451,-68.26775
351,499549,Avatar,60756,-68.2447
352,121766,Star Wars: Episode III - Revenge of the Sith,3608,-67.96005
353,1211837,Doctor Strange,88405,-67.91633
354,800369,Thor,64839,-67.8579
355,451279,Wonder Woman,54503,-67.84908
356,383574,Pirates of the Caribbean: Dead Man's Chest,40819,-67.83357
357,449088,Pirates of the Caribbean: At World's End,54004,-67.73723
358,2527336,Star Wars: Episode VIII - The Last Jedi,122926,-67.72208
359,120915,Star Wars: Episode I - The Phantom Menace,3564,-67.715706
360,1981115,Thor: The Dark World,114662,-67.70963
361,121765,Star Wars: Episode II - Attack of the Clones,3593,-67.65395
362,1298650,Pirates of the Caribbean: On Stranger Tides,92259,-67.53991
363,1386697,Suicide Squad,96610,-67.52095
364,120616,The Mummy,3301,-67.50389
365,411477,Hellboy II: The Golden Army,47099,-67.40547
366,167190,Hellboy,4153,-67.36344
367,473075,Prince of Persia: The Sands of Time,58025,-67.32842
368,209163,The Mummy Returns,4954,-67.21939
369,978764,Sucker Punch,72998,-67.14151
370,338526,Van Helsing,8810,-67.11283
371,800320,Clash of the Titans,64716,-67.11148
372,120667,Fantastic Four,3363,-67.07985
373,253556,Reign of Fire,5669,-67.06329
374,486576,Fantastic 4: Rise of the Silver Surfer,59615,-67.02948
375,91203,Highlander,1047,-67.02345
376,116136,DragonHeart,2648,-67.01999
377,311429,The League of Extraordinary Gentlemen,7149,-67.00823
378,146316,Lara Croft: Tomb Raider,3979,-66.98484
379,82198,Conan the Barbarian,575,-66.94064
380,325703,Lara Croft Tomb Raider: The Cradle of Life,7439,-66.91691
381,113855,Mortal Kombat,2412,-66.91424
382,277296,The Scorpion King,6377,-66.91068
383,98382,Star Trek V: The Final Frontier,1283,-66.77686
384,190374,Dungeons & Dragons,4643,-66.51804
385,110027,Highlander: The Final Dimension,2046,-65.900696
386,90357,Young Sherlock Holmes,1020,-65.200294
387,1201607,Harry Potter and the Deathly Hallows: Part 2,88129,-65.19095
388,89469,Legend,952,-65.04499
389,2310332,The Hobbit: The Battle of the Five Armies,122906,-64.99805
390,903624,The Hobbit: An Unexpected Journey,69951,-64.99625
391,1170358,The Hobbit: The Desolation of Smaug,86911,-64.99586
392,3183660,Fantastic Beasts and Where to Find Them,148626,-63.61542
393,926084,Harry Potter and the Deathly Hallows: Part 1,71057,-63.61303
394,241527,Harry Potter and the Sorcerer's Stone,5299,-63.611385
395,330373,Harry Potter and the Goblet of Fire,8371,-63.610962
396,1587310,Maleficent,103341,-63.609863
397,304141,Harry Potter and the Prisoner of Azkaban,6934,-63.60849
398,295297,Harry Potter and the Chamber of Secrets,6764,-63.606335
399,1014759,Alice in Wonderland,79132,-63.601772
400,363771,"The Chronicles of Narnia: The Lion, the Witch and the Wardrobe",30825,-63.59658
401,486655,Stardust,59725,-63.59579
402,93779,The Princess Bride,1183,-63.587715
403,385752,The Golden Compass,41997,-63.587414
404,91369,Labyrinth,1073,-63.56627
405,62803,Chitty Chitty Bang Bang,267,-63.559917
406,83791,The Dark Crystal,628,-63.55986
407,32138,The Wizard of Oz,19,-63.5441
408,110527,Miracle on 34th Street,2090,-62.456944
409,67992,Willy Wonka & the Chocolate Factory,339,-62.447895
410,120910,Fantasia 2000,3552,-62.08085
411,107688,The Nightmare Before Christmas,1883,-62.074432
412,101414,Beauty and the Beast,1377,-62.072083
413,42332,Cinderella,60,-62.055965
414,32455,Fantasia,20,-62.054024
415,48960,Around the World in 80 Days,147,-59.993332
416,89218,The Goonies,933,-59.98374
417,367594,Charlie and the Chocolate Factory,32587,-59.98159
418,79588,The Muppet Movie,519,-59.979748
419,61584,Doctor Dolittle,256,-59.977795
420,319343,Elf,7361,-59.976967
421,113497,Jumanji,2395,-59.976612
422,339291,A Series of Unfortunate Events,8865,-59.97101
423,477347,Night at the Museum,58047,-59.970665
424,106611,Cool Runnings,1726,-59.96802
425,102057,Hook,1407,-59.96782
426,89791,Pee-wee's Big Adventure,965,-59.96778
427,91059,Flight of the Navigator,1035,-59.96342
428,81353,Popeye,541,-59.96094
429,960731,Bedtime Stories,72378,-59.956974
430,108255,Super Mario Bros.,1954,-59.955326
431,104437,"Honey, I Blew Up the Kid",1573,-59.953808
432,267913,Scooby-Doo,6157,-59.950645
433,97523,"Honey, I Shrunk the Kids",1267,-59.94518
434,118689,Bean,2986,-59.942028
435,164912,Stuart Little,4085,-59.930584
436,116705,Jingle All the Way,2723,-59.92229
437,110443,Major Payne,2083,-59.919933
438,118755,The Borrowers,2995,-59.918106
439,116552,Homeward Bound II: Lost in San Francisco,2710,-59.91178
440,110213,The Jungle Book,2065,-58.6353
441,113041,Father of the Bride Part II,2353,-57.663193
442,110366,The Little Rascals,2078,-57.6583
443,101862,Father of the Bride,1394,-57.65168
444,247638,The Princess Diaries,5502,-57.649673
445,158622,The Flintstones in Viva Rock Vegas,4011,-57.645527
446,55277,The Parent Trap,188,-57.632866
447,77631,Grease,477,-56.78955
448,45152,Singin' in the Rain,100,-56.788876
449,116242,Everyone Says I Love You,2672,-56.787605
450,795421,Mamma Mia!,63859,-56.785408
451,25316,It Happened One Night,11,-56.212975
452,32904,The Philadelphia Story,23,-56.202602
453,42451,Father of the Bride,62,-56.180702
454,46250,Roman Holiday,105,-56.16964
455,56923,Charade,216,-56.147915
456,75686,Annie Hall,442,-55.885876
457,88128,Sixteen Candles,905,-55.623264
458,88794,Better Off Dead...,915,-55.613274
459,94898,Coming to America,1210,-55.538494
460,100405,Pretty Woman,1356,-55.495216
461,211915,Amélie,4973,-55.39458
462,93886,Roxanne,1189,-55.369976
463,113749,Mallrats,2406,-55.216522
464,126886,Election,3681,-55.211197
465,112697,Clueless,2311,-55.196426
466,129387,There's Something About Mary,3702,-55.155334
467,106673,Dave,1729,-55.154472
468,212338,Meet the Parents,4974,-55.00457
469,405422,The 40-Year-Old Virgin,46530,-54.85342
470,396269,Wedding Crashers,45081,-54.76185
471,113228,Grumpier Old Men,2376,-54.761105
472,240890,Serendipity,5291,-54.680126
473,478311,Knocked Up,58559,-54.63215
474,457939,The Holiday,55282,-54.617996
475,113097,Forget Paris,2359,-54.578484
476,108174,So I Married an Axe Murderer,1952,-54.576275
477,1155056,"I Love You, Man",86880,-54.57032
478,1068680,Yes Man,81847,-54.52879
479,1478338,Bridesmaids,102125,-54.416096
480,1588173,Warm Bodies,104211,-54.409374
481,386588,Hitch,42738,-54.359035
482,127723,Can't Hardly Wait,3686,-54.335636
483,1632708,Friends with Benefits,105504,-54.234016
484,119360,In & Out,3114,-54.218575
485,117979,The Truth About Cats & Dogs,2921,-54.073265
486,250494,Legally Blonde,5574,-54.017925
487,1007028,Zack and Miri Make a Porno,78469,-54.004707
488,251127,How to Lose a Guy in 10 Days,5617,-53.997494
489,110099,I.Q.,2058,-53.974045
490,1142988,The Ugly Truth,86833,-53.943226
491,290002,Meet the Fockers,6662,-53.90565
492,283111,Van Wilder,6537,-53.768887
493,1411238,No Strings Attached,97921,-53.760063
494,256415,Sweet Home Alabama,5693,-53.64243
495,1596350,This Means War,104241,-53.614872
496,988595,27 Dresses,76093,-53.571026
497,313737,Two Weeks Notice,7156,-53.521877
498,372532,The Wedding Date,34405,-53.455017
499,343135,Along Came Polly,8907,-53.430237
500,762107,I Now Pronounce You Chuck & Larry,61132,-53.367542
501,871426,Baby Mama,69122,-53.365303
502,160862,She's All That,4020,-53.265224
503,280590,Mr. Deeds,6482,-53.22259
504,265029,America's Sweethearts,5944,-53.09806
505,205000,Deuce Bigalow: Male Gigolo,4878,-53.082752
506,243736,40 Days and 40 Nights,5388,-53.049477
507,163187,Runaway Bride,4036,-53.02375
508,110516,Milk Money,2088,-52.95917
509,113986,Nine Months,2420,-52.92773
510,209475,The Wedding Planner,4958,-52.909786
511,91306,Jumpin' Jack Flash,1060,-52.849827
512,120596,The Bachelor,3285,-52.819405
513,204946,Bring It On,4876,-52.056263
514,90685,Back to School,1027,-52.052563
515,94812,Bull Durham,1207,-52.051956
516,1981677,Pitch Perfect,115149,-51.9976
517,120888,The Wedding Singer,3510,-51.99169
518,84865,Victor/Victoria,736,-51.98226
519,53291,Some Like It Hot,168,-51.974712
520,144528,Nutty Professor II: The Klumps,3967,-51.150448
521,110216,Junior,2067,-51.14734
522,117218,The Nutty Professor,2797,-51.143562
523,117108,Multiplicity,2794,-51.142742
524,89886,Real Genius,994,-51.141895
525,57372,The Nutty Professor,225,-51.140728
526,90305,Weird Science,1015,-51.14035
527,88172,Starman,910,-51.000507
528,109758,Exit to Eden,2013,-50.171497
529,1279935,Date Night,91535,-50.16762
530,239948,Saving Silverman,5266,-50.1675
531,138524,Intolerable Cruelty,3825,-50.167133
532,130121,Mickey Blue Eyes,3704,-50.165928
533,95593,Married to the Mob,1219,-50.165478
534,57413,The Pink Panther,227,-50.16491
535,374536,Bewitched,36529,-49.01501
536,1605783,Midnight in Paris,104879,-49.011173
537,77663,Heaven Can Wait,481,-49.00979
538,88161,Splash,908,-49.007275
539,89853,The Purple Rose of Cairo,969,-49.007244
540,113819,Mighty Aphrodite,2407,-49.004566
541,337563,13 Going on 30,8665,-49.003723
542,35423,Kate & Leopold,36,-49.001667
543,207201,What Women Want,4887,-49.00099
544,140379,A Midsummer Night's Dream,3882,-48.99883
545,116756,Kazaam,2728,-47.406384
546,58331,Mary Poppins,233,-47.40338
547,109813,The Flintstones,2019,-47.39207
548,240462,Dr. Dolittle 2,5267,-47.392036
549,118998,Doctor Dolittle,3044,-47.391094
550,413099,Evan Almighty,47518,-47.389675
551,219854,The Kid,5049,-47.38529
552,93148,Harry and the Hendersons,1125,-47.385082
553,322330,Freaky Friday,7387,-47.38325
554,109127,Angels in the Outfield,1968,-47.382732
555,170016,How the Grinch Stole Christmas,4235,-47.38273
556,112642,Casper,2297,-47.382446
557,117008,Matilda,2770,-47.37636
558,107120,Hocus Pocus,1779,-47.374775
559,185431,Little Nicky,4499,-46.19542
560,231775,Down to Earth,5135,-46.19415
561,230030,Bedazzled,5108,-46.188656
562,1245492,This Is the End,90405,-46.182476
563,101272,The Addams Family,1374,-46.18135
564,315327,Bruce Almighty,7162,-46.181023
565,106220,Addams Family Values,1682,-46.18082
566,119528,Liar Liar,3159,-46.178555
567,94721,Beetlejuice,1204,-46.16892
568,158983,"South Park: Bigger, Longer & Uncut",4014,-46.1532
569,101452,Bill & Ted's Bogus Journey,1378,-45.373917
570,1054606,The Imaginarium of Doctor Parnassus,81564,-45.371437
571,96764,The Adventures of Baron Munchausen,1247,-45.361473
572,81633,Time Bandits,552,-45.360035
573,71853,Monty Python and the Holy Grail,380,-45.356823
574,96283,My Neighbor Totoro,1234,-44.65763
575,106400,The Beverly Hillbillies,1704,-44.64117
576,100419,Problem Child,1357,-44.640736
577,110989,Richie Rich,2124,-44.64034
578,119432,Jungle 2 Jungle,3148,-44.63869
579,85334,A Christmas Story,741,-44.636692
580,99785,Home Alone,1327,-44.63425
581,107977,Robin Hood: Men in Tights,1909,-43.735447
582,65938,Kelly's Heroes,308,-43.735134
583,80801,The Gods Must Be Crazy,539,-43.697903
584,89670,National Lampoon's European Vacation,954,-43.696953
585,85995,National Lampoon's Vacation,762,-43.695007
586,114694,Tommy Boy,2496,-43.69399
587,481536,Harold & Kumar Escape from Guantanamo Bay,59387,-43.69224
588,366551,Harold & Kumar Go to White Castle,32031,-43.691044
589,118655,Austin Powers: International Man of Mystery,2968,-43.6895
590,88763,Back to the Future,914,-42.80618
591,96874,Back to the Future Part II,1249,-42.80143
592,94012,Spaceballs,1194,-42.79865
593,99088,Back to the Future Part III,1293,-42.798546
594,177789,Galaxy Quest,4321,-42.793777
595,1092026,Paul,83349,-42.79251
596,371724,The Hitchhiker's Guide to the Galaxy,34150,-42.788967
597,86856,The Adventures of Buckaroo Banzai Across the 8th Dimension,801,-42.78896
598,387808,Idiocracy,44191,-42.785957
599,91949,Short Circuit,1088,-42.016006
600,119137,Flubber,3081,-42.01313
601,70707,Sleeper,368,-41.778088
602,116996,Mars Attacks!,2763,-41.775566
603,83530,Airplane II: The Sequel,608,-41.77358
604,251075,Evolution,5608,-41.77149
605,1231587,Hot Tub Time Machine,89864,-41.77032
606,106598,Coneheads,1722,-41.768753
607,255798,The Animal,5679,-41.763573
608,242423,"Dude, Where's My Car?",5308,-41.651436
609,96928,Bill & Ted's Excellent Adventure,1251,-40.954628
610,108147,Sister Act 2: Back in the Habit,1944,-40.88734
611,105417,Sister Act,1641,-40.88207
612,88258,This Is Spinal Tap,912,-40.462658
613,105793,Wayne's World,1676,-40.462475
614,78446,Up in Smoke,492,-40.46141
615,109045,"The Adventures of Priscilla, Queen of the Desert",1965,-40.46137
616,310281,A Mighty Wind,7090,-40.460217
617,63462,The Producers,277,-40.458992
618,332379,School of Rock,8528,-40.458782
619,108525,Wayne's World 2,1960,-40.45696
620,84021,Grease 2,663,-40.352768
621,457510,Nacho Libre,55276,-39.495007
622,97815,Major League,1276,-39.218475
623,116483,Happy Gilmore,2706,-39.218353
624,116778,Kingpin,2735,-39.218117
625,105812,White Men Can't Jump,1680,-39.21749
626,80487,Caddyshack,534,-39.217354
627,191397,The Replacements,4700,-39.21602
628,131857,BASEketball,3741,-39.21569
629,120484,The Waterboy,3270,-39.215553
630,415306,Talladega Nights: The Ballad of Ricky Bobby,48082,-39.215523
631,364725,Dodgeball: A True Underdog Story,31658,-39.21505
632,445934,Blades of Glory,53894,-39.21458
633,437863,The Benchwarmers,52604,-39.21271
634,329028,Dumb and Dumberer: When Harry Met Lloyd,8368,-38.123287
635,115683,Bio-Dome,2581,-38.085308
636,333780,"Legally Blonde 2: Red, White & Blonde",8622,-38.062164
637,362120,Scary Movie 4,30749,-38.008636
638,377818,The Dukes of Hazzard,38061,-38.005745
639,107478,Made in America,1833,-37.966866
640,306047,Scary Movie 3,6947,-37.84124
641,277371,Not Another Teen Movie,6378,-37.64132
642,89822,Police Academy 2: Their First Assignment,968,-37.571804
643,117608,Sgt. Bilko,2827,-37.532467
644,104187,Encino Man,1544,-37.527508
645,97778,Look Who's Talking,1274,-37.46505
646,110066,Houseguest,2053,-37.462605
647,109370,Canadian Bacon,1994,-37.457977
648,112572,The Brady Bunch Movie,2278,-37.306477
649,116130,Down Periscope,2643,-37.288326
650,95188,Funny Farm,1215,-37.271385
651,124819,Orgazmo,3639,-37.261883
652,101757,Don't Tell Mom the Babysitter's Dead,1391,-37.17775
653,115697,Black Sheep,2596,-37.17739
654,120032,Romy and Michele's High School Reunion,3243,-37.023277
655,112508,Billy Madison,2268,-36.979866
656,116313,The First Wives Club,2688,-36.930977
657,175142,Scary Movie,4308,-36.646935
658,131325,Bowfinger,3735,-36.59942
659,305224,Anger Management,6942,-36.56442
660,328828,American Wedding,8366,-36.467373
661,215129,Road Trip,4993,-36.39442
662,252866,American Pie 2,5630,-36.371765
663,384793,Accepted,41566,-36.33712
664,116324,Flirting with Disaster,2692,-36.2812
665,356721,I Heart Huckabees,8984,-36.25365
666,196229,Zoolander,4776,-36.232502
667,1229340,Anchorman 2: The Legend Continues,89774,-36.192204
668,183505,"Me, Myself & Irene",4369,-36.14367
669,356150,EuroTrip,8983,-36.104134
670,2004420,Neighbors,115210,-36.079533
671,348333,Waiting...,8957,-36.071144
672,113101,Four Rooms,2360,-36.046078
673,1645170,The Dictator,106487,-36.04408
674,261392,Jay and Silent Bob Strike Back,5902,-35.888165
675,1411697,The Hangover Part II,97938,-35.860867
676,430922,Role Models,51086,-35.826504
677,374900,Napoleon Dynamite,37384,-35.70785
678,838283,Step Brothers,68358,-35.68789
679,302886,Old School,6888,-35.548218
680,1637725,Ted,106002,-35.533585
681,357413,Anchorman: The Legend of Ron Burgundy,26662,-35.425617
682,377092,Mean Girls,38038,-35.418922
683,443453,Borat: Cultural Learnings of America for Make Benefit Glorious Nation of Kazakhstan,53121,-35.346546
684,424345,Clerks II,49278,-35.275166
685,163651,American Pie,4039,-35.27323
686,1119646,The Hangover,84772,-35.267586
687,829482,Superbad,67087,-35.263744
688,116768,Kids in the Hall: Brain Candy,2731,-35.044647
689,109040,Ace Ventura: Pet Detective,1963,-34.972427
690,115685,The Birdcage,2583,-34.759865
691,218839,Best in Show,5015,-34.759727
692,166396,Waking Ned Devine,4144,-34.70554
693,151804,Office Space,4002,-34.681007
694,109686,Dumb and Dumber,2011,-34.667126
695,334405,Spellbound,8623,-34.594704
696,118111,Waiting for Guffman,2947,-34.555737
697,107507,Manhattan Murder Mystery,1845,-34.390358
698,109445,Clerks,2001,-34.356144
699,103241,What About Bob?,1466,-34.35025
700,106677,Dazed and Confused,1732,-34.321022
701,109508,Crumb,2005,-34.227722
702,98554,Uncle Buck,1285,-34.122932
703,97958,National Lampoon's Christmas Vacation,1277,-34.035587
704,91541,The Money Pit,1078,-33.94127
705,88000,Revenge of the Nerds,903,-33.72351
706,84522,Porky's,707,-33.71229
707,91042,Ferris Bueller's Day Off,1033,-33.707745
708,87928,Police Academy,899,-33.70426
709,86465,Trading Places,798,-33.54033
710,80319,9 to 5,529,-33.453575
711,80339,Airplane!,531,-33.40057
712,79367,The Jerk,507,-33.3939
713,79470,Life of Brian,509,-33.378014
714,77975,National Lampoon's Animal House,490,-33.347015
715,68555,Everything You Always Wanted to Know About Sex * But Were Afraid to Ask,345,-33.27256
716,72431,Young Frankenstein,383,-33.260067
717,66808,Bananas,318,-33.242073
718,66765,And Now for Something Completely Different,317,-33.221085
719,63374,The Odd Couple,273,-33.19628
720,29947,Bringing Up Baby,16,-33.0836
721,57012,Dr. Strangelove or: How I Learned to Stop Worrying and Love the Bomb,218,-32.561954
722,83131,Stripes,597,-32.55387
723,81375,Private Benjamin,542,-32.55294
724,23969,Duck Soup,9,-32.305855
725,85959,The Meaning of Life,750,-32.292923
726,58182,A Hard Day's Night,232,-32.292786
727,82517,History of the World: Part I,592,-32.291534
728,2557490,A Million Ways to Die in the West,134130,-31.788216
729,109439,City Slickers II: The Legend of Curly's Gold,1997,-31.785418
730,101587,City Slickers,1381,-31.782778
731,92086,Three Amigos!,1092,-31.782686
732,71230,Blazing Saddles,373,-31.782637
733,73629,The Rocky Horror Picture Show,415,-31.2318
734,91419,Little Shop of Horrors,1077,-31.220701
735,327162,The Stepford Wives,7569,-30.871767
736,82010,An American Werewolf in London,553,-30.721556
737,92991,Evil Dead II,1103,-30.721395
738,365748,Shaun of the Dead,31696,-30.719473
739,93437,The Lost Boys,1172,-30.718897
740,106308,Army of Darkness,1690,-30.718382
741,100814,Tremors,1372,-30.71774
742,1465522,Tucker and Dale vs Evil,102123,-30.713358
743,257106,Scary Movie 2,5791,-30.70795
744,83767,Creepshow,616,-29.821396
745,87363,Gremlins,838,-29.821386
746,104070,Death Becomes Her,1537,-29.820623
747,99700,Gremlins 2: The New Batch,1320,-29.820047
748,116365,The Frighteners,2699,-29.819754
749,94332,The Witches of Eastwick,1200,-29.81799
750,281686,Bubba Ho-Tep,6535,-29.817657
751,138510,Idle Hands,3824,-29.816525
752,112896,Dracula: Dead and Loving It,2340,-29.809738
753,117826,Bordello of Blood,2901,-29.800991
754,59578,For a Few Dollars More,237,-28.91341
755,75029,The Outlaw Josey Wales,435,-28.913036
756,64116,Once Upon a Time in the West,290,-28.912682
757,60196,"The Good, the Bad and the Ugly",247,-28.884521
758,96487,Young Guns,1244,-28.69131
759,100994,Young Guns II,1373,-28.688906
760,85809,Koyaanisqatsi,748,-28.20915
761,497116,An Inconvenient Truth,60074,-28.195995
762,428803,March of the Penguins,50872,-28.189676
763,98213,Roger & Me,1281,-28.188852
764,390521,Super Size Me,44840,-28.185184
765,1156398,Zombieland,86882,-27.739075
766,139414,Lake Placid,3852,-27.729513
767,942385,Tropic Thunder,71464,-27.112383
768,322802,Jackass: The Movie,7438,-27.00463
769,425112,Hot Fuzz,49530,-26.978956
770,960144,You Don't Mess with the Zohan,72226,-26.9428
771,107144,Hot Shots! Part Deux,1792,-26.941845
772,111512,The Legend of Drunken Master,2160,-26.941841
773,102059,Hot Shots!,1408,-26.941679
774,3079380,Spy,142488,-26.941072
775,118708,Beverly Hills Ninja,2989,-26.940939
776,117723,Spy Hard,2867,-26.940273
777,372588,Team America: World Police,34437,-26.939987
778,105477,Stop! Or My Mom Will Shoot,1645,-26.938913
779,1001526,Megamind,78105,-26.93614
780,132347,Mystery Men,3744,-25.8945
781,286112,Shaolin Soccer,6552,-25.891283
782,103893,Buffy the Vampire Slayer,1513,-25.889128
783,373074,Kung Fu Hustle,36401,-25.88852
784,1077258,Planet Terror,82459,-25.888273
785,245803,Bulletproof Monk,5459,-25.887314
786,97428,Ghostbusters II,1262,-25.885864
787,446029,Scott Pilgrim vs. the World,53953,-25.883556
788,87332,Ghostbusters,837,-25.877327
789,96257,The Thin Blue Line,1233,-25.079338
790,1645089,Inside Job,106100,-25.071829
791,2278388,The Grand Budapest Hotel,122886,-24.337292
792,104431,Home Alone 2: Lost in New York,1569,-24.336622
793,236493,The Mexican,5218,-24.336555
794,115433,101 Dalmatians,2541,-24.336542
795,190590,"O Brother, Where Art Thou?",4677,-24.335716
796,112281,Ace Ventura: When Nature Calls,2194,-24.335443
797,82474,The Great Muppet Caper,589,-24.335245
798,98627,Weekend at Bernie's,1287,-24.334229
799,92513,Adventures in Babysitting,1095,-24.334175
800,54135,Ocean's Eleven,173,-23.60526
801,109068,Airheads,1967,-23.593908
802,1587707,Exit Through the Gift Shop,103772,-23.336119
803,993846,The Wolf of Wall Street,76293,-23.133
804,299658,Chicago,6867,-23.127403
805,208092,Snatch,4896,-22.68852
806,118715,The Big Lebowski,2990,-22.653484
807,1723121,We're the Millers,109487,-22.563934
808,1499658,Horrible Bosses,102903,-22.551817
809,1931533,Seven Psychopaths,112556,-22.536266
810,2170439,Horrible Bosses 2,117176,-22.497196
811,139239,Go,3836,-22.469704
812,104952,My Cousin Vinny,1610,-22.46317
813,190138,The Whole Nine Yards,4641,-22.460915
814,122933,Analyze This,3623,-22.460289
815,369441,Fun with Dick and Jane,33679,-22.458923
816,195234,Saving Grace,4718,-22.456486
817,335438,Starsky & Hutch,8644,-22.455708
818,101700,Delicatessen,1388,-22.454027
819,109348,Bullets Over Broadway,1991,-22.452187
820,95705,The Naked Gun: From the Files of Police Squad!,1222,-22.451387
821,196216,Small Time Crooks,4734,-22.447216
822,95159,A Fish Called Wanda,1214,-22.44412
823,120693,Half Baked,3408,-22.442503
824,95031,Dirty Rotten Scoundrels,1213,-22.430122
825,93822,Raising Arizona,1186,-22.430067
826,102510,The Naked Gun 2½: The Smell of Fear,1416,-22.428225
827,110622,Naked Gun 33 1/3: The Final Insult,2096,-22.426851
828,97493,Heathers,1265,-22.425627
829,91877,Ruthless People,1086,-22.396284
830,100212,My Blue Heaven,1345,-22.39017
831,96320,Twins,1235,-22.38933
832,106292,Another Stakeout,1688,-22.38124
833,65063,Take the Money and Run,300,-22.315773
834,405296,A Scanner Darkly,46335,-21.830355
835,86373,Strange Brew,785,-21.676174
836,373469,Kiss Kiss Bang Bang,36517,-21.083176
837,247745,Super Troopers,5505,-21.08283
838,88930,Clue,920,-21.082155
839,83798,Dead Men Don't Wear Plaid,631,-21.079311
840,72081,The Return of the Pink Panther,381,-21.078854
841,89155,Fletch,928,-21.078802
842,111127,Serial Mom,2134,-20.293861
843,113161,Get Shorty,2369,-20.29331
844,115438,2 Days in the Valley,2542,-20.292076
845,124198,Very Bad Things,3633,-20.291168
846,106873,Fatal Instinct,1748,-20.290382
847,335245,The Ladykillers,8638,-20.290237
848,36613,Arsenic and Old Lace,39,-20.285992
849,120735,"Lock, Stock and Two Smoking Barrels",3409,-18.454885
850,1250777,Kick-Ass,90866,-18.43115
851,1232829,21 Jump Street,89904,-18.398352
852,3799694,The Nice Guys,168252,-18.387552
853,2294449,22 Jump Street,122900,-18.359491
854,1245526,RED,90746,-18.31587
855,363226,The Blind Swordsman: Zatoichi,30816,-18.304117
856,1650554,Kick-Ass 2,106782,-18.298056
857,910936,Pineapple Express,70183,-18.291273
858,356910,Mr. & Mrs. Smith,8985,-18.28874
859,1386588,The Other Guys,96588,-18.28718
860,95631,Midnight Run,1220,-18.27881
861,119229,Grosse Pointe Blank,3104,-18.267012
862,120812,Rush Hour,3479,-18.262722
863,86960,Beverly Hills Cop,805,-18.260891
864,110475,The Mask,2085,-18.250425
865,172156,Bad Boys II,4254,-18.243002
866,112442,Bad Boys,2247,-18.235355
867,266915,Rush Hour 2,6059,-18.229568
868,113326,Rumble in the Bronx,2384,-18.22029
869,83511,48 Hrs.,599,-18.220205
870,212346,Miss Congeniality,4975,-18.210985
871,87995,Repo Man,902,-18.206081
872,92644,Beverly Hills Cop II,1097,-18.190619
873,99938,Kindergarten Cop,1342,-18.178902
874,99422,Dick Tracy,1298,-18.171858
875,990407,The Green Hornet,76175,-18.166111
876,113845,Money Train,2411,-18.109743
877,109254,Beverly Hills Cop III,1974,-18.075191
878,208003,Big Momma's House,4890,-17.995577
879,118747,Blues Brothers 2000,2991,-17.976141
880,1535109,Captain Phillips,103249,-16.531715
881,61418,Bonnie and Clyde,249,-16.530645
882,115986,The Crow: City of Angels,2640,-16.431276
883,103776,Batman Returns,1480,-16.429743
884,113568,Ghost in the Shell,2402,-16.404284
885,275277,Cowboy Bebop: The Movie,6331,-16.401413
886,287978,Daredevil,6595,-16.158604
887,181689,Minority Report,4344,-16.147892
888,137494,Entrapment,3798,-16.132992
889,70723,Soylent Green,370,-15.48414
890,66921,A Clockwork Orange,327,-15.341386
891,93870,RoboCop,1188,-15.038135
892,113492,Judge Dredd,2394,-15.025208
893,119094,Face/Off,3062,-15.024991
894,114857,Virtuosity,2529,-15.018442
895,1343727,Dredd,94959,-15.017193
896,453467,Deja Vu,54997,-15.016578
897,100502,RoboCop 2,1358,-15.01493
898,111438,Timecop,2145,-15.014211
899,107978,RoboCop 3,1911,-15.00358
900,114614,Tank Girl,2476,-14.327057
901,120891,Wild Wild West,3534,-14.325585
902,1213663,The World's End,88744,-14.321232
903,133093,The Matrix,3751,-13.531191
904,115624,Barb Wire,2571,-13.525387
905,118688,Batman & Robin,2985,-13.519433
906,103064,Terminator 2: Judgment Day,1459,-13.510954
907,370032,Ultraviolet,33836,-13.510349
908,68408,Conquest of the Planet of the Apes,342,-13.508549
909,67065,Escape from the Planet of the Apes,333,-13.508084
910,88247,The Terminator,911,-13.5067215
911,94631,Alien Nation,1203,-13.501691
912,105698,Universal Soldier,1674,-13.500636
913,234215,The Matrix Reloaded,5152,-13.498033
914,286716,Hulk,6586,-13.497751
915,242653,The Matrix Revolutions,5313,-13.495084
916,458525,X-Men Origins: Wolverine,55765,-13.494005
917,1430132,The Wolverine,98243,-13.493785
918,181852,Terminator 3: Rise of the Machines,4351,-13.490168
919,1790864,The Maze Runner,111360,-12.700193
920,343818,"I, Robot",8914,-12.699406
921,216216,The 6th Day,5010,-12.69704
922,1650062,Super 8,106696,-12.69643
923,338337,Paycheck,8798,-12.693053
924,120184,Sphere,3256,-12.692845
925,359013,Blade: Trinity,27773,-11.688654
926,114508,Species,2470,-11.688464
927,164052,Hollow Man,4041,-11.6873665
928,318627,Resident Evil: Apocalypse,7346,-11.684043
929,120804,Resident Evil,3477,-11.683904
930,187738,Blade II,4638,-11.68275
931,118583,Alien: Resurrection,2952,-11.681929
932,100403,Predator 2,1350,-11.681422
933,103644,Alien³,1476,-11.681282
934,134847,Pitch Black,3791,-11.67986
935,120611,Blade,3300,-11.678762
936,1060277,Cloverfield,81834,-11.676889
937,363547,Dawn of the Dead,30822,-11.185934
938,116367,From Dusk Till Dawn,2700,-11.021177
939,66999,Dirty Harry,332,-10.040456
940,93409,Lethal Weapon,1136,-9.690996
941,114576,Sudden Death,2474,-9.683894
942,97733,Lethal Weapon 2,1271,-9.590973
943,120008,The Replacement Killers,3219,-9.562277
944,104815,El Mariachi,1591,-9.561301
945,116213,Eraser,2664,-9.55724
946,112401,Assassins,2243,-9.549134
947,162650,Shaft,4027,-9.540378
948,102685,Point Break,1429,-9.532808
949,104714,Lethal Weapon 3,1589,-9.53279
950,165929,Romeo Must Die,4128,-9.517379
951,117438,Ransom,2805,-9.476797
952,120873,U.S. Marshals,3507,-9.472221
953,112851,Desperado,2334,-9.443796
954,122151,Lethal Weapon 4,3615,-9.441593
955,244244,Swordfish,5400,-9.4007635
956,285823,Once Upon a Time in Mexico,6548,-9.400663
957,187078,Gone in 60 Seconds,4621,-9.381865
958,118880,Con Air,3016,-9.380734
959,122690,Ronin,3617,-9.378713
960,266987,Spy Game,6155,-9.357238
961,388482,Transporter 2,44195,-9.34702
962,368909,Ong-Bak: The Thai Warrior,33615,-9.342849
963,293662,The Transporter,6754,-9.302325
964,130827,Run Lola Run,3730,-9.29173
965,479884,Crank,59022,-9.24573
966,985694,Machete,73321,-9.223053
967,317740,The Italian Job,7318,-9.220299
968,1032755,RocknRolla,80219,-9.157246
969,493464,Wanted,60069,-9.151333
970,936501,Taken,71264,-8.841923
971,2911666,John Wick,137857,-8.828253
972,378194,Kill Bill: Vol. 2,39183,-8.771563
973,46534,The War of the Worlds,107,-7.2055626
974,120685,Godzilla,3397,-7.194144
975,70909,Westworld,372,-7.192863
976,199753,Red Planet,4823,-7.1896496
977,267804,The One,6156,-7.18698
978,93894,The Running Man,1193,-7.1842785
979,2872732,Lucy,136864,-7.183188
980,435705,Next,52281,-7.1805215
981,986263,Surrogates,74789,-7.1804743
982,1136608,District 9,86190,-7.179861
983,106697,Demolition Man,1735,-7.178372
984,1637688,In Time,105844,-7.1771307
985,290334,X2: X-Men United,6708,-7.1763744
986,1706620,Snowpiercer,109374,-7.174973
987,399201,The Island,45517,-7.174937
988,259324,Ghost Rider,5872,-6.0693398
989,401855,Underworld: Evolution,45722,-6.0502653
990,465602,Shoot 'Em Up,56775,-6.045174
991,320691,Underworld,7371,-6.043819
992,111503,True Lies,2150,-6.0396514
993,944835,Salt,71530,-5.4081187
994,1028528,Death Proof,79702,-5.4002304
995,337978,Live Free or Die Hard,8783,-5.3999834
996,1229238,Mission: Impossible - Ghost Protocol,89745,-5.398984
997,292506,The Recruit,6709,-5.398656
998,119874,The Peacemaker,3189,-5.396348
999,144117,The Boondock Saints,3948,-5.3948236
1000,95016,Die Hard,1212,-5.3942327
1001,133952,The Siege,3763,-5.393501
1002,120660,Enemy of the State,3361,-5.392988
1003,99423,Die Hard 2,1299,-5.3928795
1004,100263,Nikita,1347,-5.392178
1005,105112,Patriot Games,1615,-5.38806
1006,105690,Under Siege,1672,-5.385814
1007,89118,F/X,926,-5.385098
1008,114214,The Quick and the Dead,2431,-5.3397903
1009,462322,Grindhouse,56152,-4.686702
1010,808151,Angels & Demons,64957,-4.3759995
1011,118883,Conspiracy Theory,3020,-4.3754706
1012,790724,Jack Reacher,63131,-4.369783
1013,372183,The Bourne Supremacy,34319,-4.3655868
1014,258463,The Bourne Identity,5816,-4.3613486
1015,440963,The Bourne Ultimatum,52975,-4.3578463
1016,1385826,The Adjustment Bureau,96079,-3.7500637
1017,1219289,Limitless,89470,-3.7179081
1018,448134,Sunshine,53972,-3.7103238
1019,100318,Pacific Heights,1348,-3.448057
1020,209958,The Cell,4963,-3.119715
1021,104692,The Lawnmower Man,1587,-2.973753
1022,78748,Alien,493,-2.9726038
1023,119675,Mimic,3175,-2.9722884
1024,79714,Phantasm,520,-2.96342
1025,884328,The Mist,69526,-2.7639506
1026,116654,The Island of Dr. Moreau,2716,-2.7627013
1027,114852,Village of the Damned,2528,-2.75787
1028,119081,Event Horizon,3060,-2.7563725
1029,114367,Screamers,2455,-2.754269
1030,99052,Arachnophobia,1291,-2.04285
1031,103919,Candyman,1515,-1.9235065
1032,94862,Child's Play,1208,-1.9217253
1033,97162,Dead Calm,1256,-1.9210031
1034,93177,Hellraiser,1127,-1.9155594
1035,195714,Final Destination,4728,-1.9134816
1036,87050,Children of the Corn,830,-1.9112201
1037,84516,Poltergeist,694,-1.901185
1038,77402,Dawn of the Dead,474,-1.8922893
1039,77651,Halloween,480,-1.8915817
1040,63350,Night of the Living Dead,272,-1.8878455
1041,435625,The Descent,52245,-1.7607878
1042,77766,Jaws 2,485,-1.7511215
1043,74751,King Kong,427,-1.1119636
1044,70047,The Exorcist,361,-0.9508507
1045,72271,The Texas Chain Saw Massacre,382,-0.948754
1046,83907,The Evil Dead,647,-0.94672966
1047,78767,The Amityville Horror,494,-0.9451394
1048,87800,A Nightmare on Elm Street,880,-0.9446617
1049,145531,Stigmata,3969,-0.9379052
1050,450278,Hostel,54272,-0.9316274
1051,13442,Nosferatu,1,-0.3250699
1052,360486,Constantine,27808,-0.29433325
1053,146675,End of Days,3980,-0.2928421
1054,89175,Fright Night,930,-0.29203978
1055,93629,A Nightmare on Elm Street 3: Dream Warriors,1175,-0.28971693
1056,117894,Thinner,2912,-0.28139123
1057,185371,House on Haunted Hill,4489,-0.27800608
1058,245674,Thir13en Ghosts,5444,-0.27493694
1059,171363,The Haunting,4238,0.49704808
1060,111686,New Nightmare,2161,0.50774336
1061,450385,1408,54286,0.52010614
1062,162661,Sleepy Hollow,4029,0.52083534
1063,73747,The Stepford Wives,417,0.6975067
1064,84787,The Thing,719,0.7008355
1065,133751,The Faculty,3755,0.7097863
1066,120907,eXistenZ,3551,0.71366066
1067,130018,I Still Know What You Did Last Summer,3703,1.3005728
1068,119345,I Know What You Did Last Summer,3108,1.3015989
1069,134084,Scream 3,3783,1.302223
1070,120082,Scream 2,3246,1.3023688
1071,74285,Carrie,421,1.3031762
1072,75005,The Omen,434,1.3035643
1073,185937,The Blair Witch Project,4545,1.3045309
1074,178868,Ringu,4327,1.3061242
1075,432348,Saw II,51540,1.3078706
1076,384537,Silent Hill,41285,1.3079509
1077,117571,Scream,2822,1.308349
1078,298130,The Ring,6796,1.3089888
1079,489270,Saw III,60040,1.3155187
1080,80761,Friday the 13th,538,2.0861037
1081,120681,From Hell,3396,2.0916984
1082,164181,Stir of Echoes,4054,2.0924911
1083,1259521,The Cabin in the Woods,91077,2.09263
1084,230600,The Others,5110,2.0947583
1085,387564,Saw,44022,2.0949602
1086,5052448,Get Out,179819,2.10011
1087,54215,Psycho,175,2.118018
1088,265349,The Mothman Prophecies,5956,2.8205245
1089,116095,Diabolique,2642,2.821012
1090,161081,What Lies Beneath,4022,2.8213015
1091,1179933,10 Cloverfield Lane,87222,2.824503
1092,105665,Twin Peaks: Fire Walk with Me,1665,2.8271325
1093,123755,Cube,3624,2.827768
1094,138704,Pi,3826,2.82858
1095,99871,Jacob's Ladder,1339,2.829375
1096,56869,The Birds,215,2.840833
1097,259711,Vanilla Sky,5881,3.4688888
1098,115571,The Arrival,2567,3.8733988
1099,139809,The Thirteenth Floor,3868,3.8804176
1100,114746,12 Monkeys,2502,3.886591
1101,96734,The 'Burbs,1245,4.324134
1102,1130884,Shutter Island,84954,4.365182
1103,382625,The Da Vinci Code,40732,4.366156
1104,142688,The Ninth Gate,3911,4.3690596
1105,309698,Identity,7022,4.369471
1106,209144,Memento,4901,4.3715897
1107,116922,Lost Highway,2762,4.3744864
1108,47396,Rear Window,122,4.4212456
1109,41959,The Third Man,52,4.4580083
1110,52357,Vertigo,161,4.5725884
1111,48728,To Catch a Thief,145,4.575848
1112,1670345,Now You See Me,107406,5.393092
1113,73802,Three Days of the Condor,419,5.3942137
1114,107497,Malice,1834,5.3971987
1115,120832,Snake Eyes,3489,5.397442
1116,481369,The Number 23,59369,5.3980727
1117,26029,The 39 Steps,12,5.4021955
1118,22100,M,6,5.402537
1119,46912,Dial M for Murder,111,6.358228
1120,101540,Cape Fear,1380,6.3585215
1121,111149,Shallow Grave,2136,6.360254
1122,349903,Ocean's Twelve,8961,6.3607335
1123,115736,Bound,2599,6.3608303
1124,183649,Phone Booth,4378,6.361048
1125,496806,Ocean's Thirteen,60072,6.3630743
1126,240772,Ocean's Eleven,5283,6.3667154
1127,116282,Fargo,2687,6.3702807
1128,401792,Sin City,45720,6.3729014
1129,110997,The River Wild,2125,6.40721
1130,155267,The Thomas Crown Affair,4007,6.434404
1131,47296,On the Waterfront,112,7.6568184
1132,74860,Marathon Man,431,7.7729197
1133,116731,The Juror,2724,7.881985
1134,86979,Blood Simple,810,7.9388266
1135,94226,The Untouchables,1198,8.073063
1136,99703,The Grifters,1321,8.097213
1137,107302,Kalifornia,1810,8.168326
1138,100150,Miller's Crossing,1343,8.203165
1139,114660,Things to Do in Denver When You're Dead,2478,8.221866
1140,105226,Red Rock West,1617,8.240151
1141,107554,Menace II Society,1848,8.327309
1142,120787,A Perfect Murder,3461,8.335767
1143,107808,A Perfect World,1892,8.347697
1144,106519,Carlito's Way,1719,8.45524
1145,118887,Cop Land,3033,8.474747
1146,119978,The Rainmaker,3213,8.505623
1147,181984,Boiler Room,4367,8.559995
1148,117913,A Time to Kill,2915,8.588085
1149,120324,A Simple Plan,3262,8.603255
1150,203119,Sexy Beast,4874,8.625795
1151,117665,Sleepers,2857,8.684813
1152,264616,Frailty,5943,8.695956
1153,301199,Dirty Pretty Things,6874,8.72037
1154,251160,John Q,5618,8.740067
1155,313542,Runaway Jury,7153,8.770308
1156,134119,The Talented Mr. Ripley,3784,8.811018
1157,212985,Hannibal,4980,8.827345
1158,258000,Panic Room,5812,8.879801
1159,181865,Traffic,4361,8.911181
1160,119396,Jackie Brown,3147,8.963527
1161,289765,Red Dragon,6620,8.978476
1162,488120,Fracture,59784,9.092388
1163,257044,Road to Perdition,5782,9.113119
1164,200465,The Bank Job,4848,9.113457
1165,315733,21 Grams,7163,9.116014
1166,765443,Eastern Promises,61323,9.235074
1167,425210,Lucky Number Slevin,49649,9.299628
1168,375679,Crash,37727,9.419755
1169,840361,The Town,68554,9.432494
1170,2872718,Nightcrawler,136020,9.644917
1171,477348,No Country for Old Men,58293,9.892988
1172,105236,Reservoir Dogs,1619,9.920119
1173,407887,The Departed,46723,9.937834
1174,102926,The Silence of the Lambs,1441,9.949186
1175,167404,The Sixth Sense,4223,11.570685
1176,2267998,Gone Girl,119145,11.572086
1177,71315,Chinatown,374,11.574404
1178,363988,Secret Window,31410,11.574503
1179,71360,The Conversation,376,11.574704
1180,405094,The Lives of Others,45880,11.575059
1181,112722,Copycat,2313,11.5751095
1182,408790,Flightplan,46972,11.575548
1183,368447,The Village,33166,11.575633
1184,119174,The Game,3088,11.575774
1185,103772,Basic Instinct,1479,11.576164
1186,120176,The Spanish Prisoner,3253,11.576516
1187,166924,Mulholland Drive,4149,11.57652
1188,278504,Insomnia,6385,11.576584
1189,61811,In the Heat of the Night,261,11.576937
1190,106918,The Firm,1753,11.577013
1191,118971,The Devil's Advocate,3037,11.577594
1192,120663,Eyes Wide Shut,3362,11.579303
1193,67116,The French Connection,337,13.384282
1194,69762,Badlands,355,13.408343
1195,70034,Enter the Dragon,357,13.415692
1196,82949,The Professional,595,13.612265
1197,113957,The Net,2416,13.750717
1198,117774,The Substitute,2881,13.772807
1199,120749,Mercury Rising,3438,13.84121
1200,118972,The Devil's Own,3039,13.857086
1201,114194,The Prophecy,2428,13.865933
1202,113501,Just Cause,2396,13.873907
1203,116830,Last Man Standing,2739,13.904067
1204,119395,The Jackal,3146,13.943718
1205,118548,Absolute Power,2950,14.007196
1206,330793,The Punisher,8373,14.033065
1207,116908,The Long Kiss Goodnight,2761,14.036754
1208,109444,Clear and Present Danger,2000,14.04382
1209,97202,The Killer,1258,14.060171
1210,107206,In the Line of Fire,1799,14.114371
1211,119099,Fallen,3070,14.129343
1212,227445,The Score,5065,14.1318865
1213,137363,Arlington Road,3793,14.207304
1214,120784,Payback,3452,14.211321
1215,110632,Natural Born Killers,2100,14.22863
1216,120768,The Negotiator,3441,14.258286
1217,109506,The Crow,2004,14.274914
1218,106856,Falling Down,1747,14.288446
1219,393109,Brick,44972,14.320996
1220,375912,Layer Cake,37729,14.390889
1221,106977,The Fugitive,1769,14.454503
1222,399146,A History of Violence,45501,14.47163
1223,369339,Collateral,33660,14.612383
1224,328107,Man on Fire,8361,14.632892
1225,381849,3:10 to Yuma,40629,14.637706
1226,139654,Training Day,3861,14.6587
1227,3397884,Sicario,157296,14.808618
1228,113277,Heat,2379,14.963653
1229,266697,Kill Bill: Vol. 1,6016,15.192472
1230,110413,Léon: The Professional,2081,15.208359
1231,372784,Batman Begins,34520,15.254903
1232,468569,The Dark Knight,56941,15.361402
1233,74119,All the President's Men,420,16.5187
1234,102138,JFK,1409,16.519712
1235,1790885,Zero Dark Thirty,111362,16.520163
1236,985699,Valkyrie,74458,16.521982
1237,146309,Thirteen Days,3978,16.525045
1238,57261,Lord of the Flies,224,16.805237
1239,68473,Deliverance,344,16.806326
1240,450259,Blood Diamond,54259,16.820467
1241,116409,The Ghost and the Darkness,2701,16.826807
1242,100157,Misery,1344,17.734118
1243,245712,Amores perros,5449,17.734137
1244,250258,The Experiment,5541,17.734543
1245,947798,Black Swan,71745,17.735632
1246,113870,Murder in the First,2414,17.736256
1247,55824,Cape Fear,196,17.736261
1248,104257,A Few Good Men,1556,17.736671
1249,361862,The Machinist,30707,17.73694
1250,93010,Fatal Attraction,1104,17.737234
1251,56218,The Manchurian Candidate,204,17.737411
1252,424136,Hard Candy,49274,17.738497
1253,365737,Syriana,31685,17.738514
1254,265459,One Hour Photo,5957,17.73866
1255,105414,Single White Female,1635,17.73938
1256,109635,Disclosure,2006,17.74023
1257,164334,Along Came a Spider,4084,17.740574
1258,1598778,Contagion,104841,17.741959
1259,108162,Sliver,1950,17.743055
1260,44706,High Noon,95,18.054407
1261,887912,The Hurt Locker,69757,18.144123
1262,390384,Primer,44761,18.793402
1263,119177,Gattaca,3089,18.79457
1264,289879,The Butterfly Effect,6659,18.797619
1265,470752,Ex Machina,57368,18.798773
1266,138304,The Astronaut's Wife,3821,18.798782
1267,112740,Crimson Tide,2318,19.770912
1268,758774,Body of Lies,61024,19.774605
1269,822854,Shooter,66097,19.775082
1270,159273,Behind Enemy Lines,4016,19.775265
1271,114069,Outbreak,2423,19.775625
1272,118571,Air Force One,2951,19.775917
1273,228750,Proof of Life,5072,19.776012
1274,164184,The Sum of All Fears,4069,19.77616
1275,87985,Red Dawn,900,19.77885
1276,55630,Yojimbo,194,19.781298
1277,111255,The Specialist,2140,19.781578
1278,33870,The Maltese Falcon,31,20.830713
1279,38355,The Big Sleep,44,20.832588
1280,42876,Rashomon,69,21.489166
1281,115907,City Hall,2616,21.99046
1282,117107,Mulholland Falls,2792,22.007875
1283,120152,Smilla's Sense of Snow,3252,22.013567
1284,101669,Dead Again,1387,22.039503
1285,107798,The Pelican Brief,1885,22.04904
1286,144214,The General's Daughter,3949,22.05718
1287,112857,Devil in a Blue Dress,2335,22.062159
1288,109446,The Client,2002,22.067417
1289,119668,Midnight in the Garden of Good and Evil,3174,22.069302
1290,119468,Kiss the Girls,3156,22.079397
1291,150377,Double Jeopardy,3997,22.081553
1292,112688,Clockers,2302,22.09169
1293,134273,8MM,3785,22.094568
1294,120890,Wild Things,3527,22.100176
1295,165854,The Limey,4121,22.126366
1296,118771,Breakdown,2997,22.134464
1297,90756,Blue Velvet,1029,22.136045
1298,145681,The Bone Collector,3977,22.141565
1299,109642,Dolores Claiborne,2009,22.164259
1300,104348,Glengarry Glen Ross,1566,22.195948
1301,186151,Frequency,4558,22.257093
1302,465538,Michael Clayton,56757,22.33426
1303,117381,Primal Fear,2804,22.33501
1304,452623,Gone Baby Gone,54995,22.492668
1305,1132620,The Girl with the Dragon Tattoo,85414,22.530853
1306,454848,Inside Man,54999,22.539534
1307,327056,Mystic River,7454,22.605862
1308,443706,Zodiac,53464,22.650415
1309,1568346,The Girl with the Dragon Tattoo,103253,22.656923
1310,119488,L.A. Confidential,3157,22.698288
1311,3460252,The Hateful Eight,158238,22.75506
1312,1392214,Prisoners,97225,22.817627
1313,114814,The Usual Suspects,2527,22.980745
1314,114369,Se7en,2459,23.099583
1315,114168,Powder,2427,23.955395
1316,443543,The Illusionist,53125,23.979662
1317,118929,Dark City,3035,24.382278
1318,286106,Signs,6550,24.839031
1319,272152,K-PAX,6283,24.840155
1320,368008,The Manchurian Candidate,33162,24.844088
1321,120902,The X Files,3535,24.84471
1322,217869,Unbreakable,5014,24.84818
1323,118884,Contact,3030,24.849146
1324,1371111,Cloud Atlas,95441,24.85033
1325,1182345,Moon,87232,24.851034
1326,2543164,Arrival,128360,24.854223
1327,482571,The Prestige,59501,24.856224
1328,246578,Donnie Darko,5481,24.865145
1329,69293,Solaris,351,24.889914
1330,112682,The City of Lost Children,2301,25.897526
1331,88846,Brazil,916,26.001816
1332,87803,1984,892,26.002117
1333,75860,Close Encounters of the Third Kind,445,26.003426
1334,212720,A.I. Artificial Intelligence,4979,26.004425
1335,43456,The Day the Earth Stood Still,81,26.0052
1336,17136,Metropolis,2,26.010553
1337,289043,28 Days Later...,6618,26.444527
1338,21884,Frankenstein,5,26.445349
1339,49366,Invasion of the Body Snatchers,151,26.445808
1340,91064,The Fly,1036,26.445917
1341,99582,Flatliners,1302,26.44687
1342,85407,The Dead Zone,742,26.44734
1343,3659388,The Martian,166528,26.831738
1344,816692,Interstellar,65088,26.85426
1345,86567,WarGames,799,27.863997
1346,83658,Blade Runner,610,27.865248
1347,113481,Johnny Mnemonic,2393,27.872637
1348,115857,Chain Reaction,2606,27.872837
1349,120647,Deep Impact,3355,27.874767
1350,120461,Volcano,3269,27.874987
1351,238380,Equilibrium,5225,27.87705
1352,480249,I Am Legend,59315,27.877672
1353,206634,Children of Men,4886,27.878643
1354,1318514,Rise of the Planet of the Apes,93840,27.87891
1355,434409,V for Vendetta,51935,27.880857
1356,1276104,Looper,91529,27.880878
1357,1535108,Elysium,103228,27.88092
1358,1454468,Gravity,101864,27.88632
1359,3315342,Logan,152077,27.887959
1360,409459,Watchmen,46976,29.102299
1361,945513,Source Code,71535,29.102476
1362,1856101,Blade Runner 2049,112175,29.1033
1363,364569,Oldboy,31433,29.107414
1364,115956,Courage Under Fire,2617,29.107958
1365,101393,Backdraft,1375,29.108093
1366,167260,The Lord of the Rings: The Return of the King,4161,30.0898
1367,120737,The Lord of the Rings: The Fellowship of the Ring,3418,30.090273
1368,167261,The Lord of the Rings: The Two Towers,4214,30.121166
1369,172495,Gladiator,4270,30.163055
1370,1663202,The Revenant,106920,30.529768
1371,2103281,Dawn of the Planet of the Apes,116823,30.782164
1372,472043,Apocalypto,57669,30.870903
1373,360717,King Kong,27815,30.905321
1374,498380,Letters from Iwo Jima,60397,30.912563
1375,190332,"Crouching Tiger, Hidden Dragon",4642,30.920301
1376,299977,Hero,6870,30.939617
1377,1037705,The Book of Eli,80489,30.95171
1378,320661,Kingdom of Heaven,7367,30.957619
1379,311113,Master and Commander: The Far Side of the World,7143,30.972282
1380,245844,The Count of Monte Cristo,5463,30.975388
1381,993842,Hanna,76251,30.988575
1382,385004,House of Flying Daggers,41569,30.98867
1383,266308,Battle Royale,5991,30.990698
1384,418689,Flags of Our Fathers,48774,31.005802
1385,117731,Star Trek: First Contact,2871,31.032635
1386,104691,The Last of the Mohicans,1586,31.03501
1387,237534,Brotherhood of the Wolf,5219,31.048899
1388,349683,King Arthur,8958,31.064007
1389,177971,The Perfect Storm,4326,31.071781
1390,120744,The Man in the Iron Mask,3424,31.079308
1391,119051,The Edge,3053,31.080544
1392,102798,Robin Hood: Prince of Thieves,1431,31.100119
1393,96446,Willow,1242,31.113668
1394,119925,The Postman,3198,31.133026
1395,190865,Vertical Limit,4679,31.148882
1396,113071,First Knight,2355,31.158182
1397,116040,Daylight,2641,31.164639
1398,443649,"10,000 BC",53322,31.259678
1399,69113,The Poseidon Adventure,350,31.336588
1400,54953,The Guns of Navarone,181,31.479883
1401,5013056,Dunkirk,177765,32.75487
1402,213149,Pearl Harbor,4992,32.75885
1403,408306,Munich,46970,32.76078
1404,277434,We Were Soldiers,6383,32.76407
1405,265086,Black Hawk Down,5945,32.766487
1406,187393,The Patriot,4623,32.768875
1407,56197,The Longest Day,203,32.773857
1408,1345836,The Dark Knight Rises,95167,33.450993
1409,448157,Hancock,53993,33.470177
1410,416449,300,48385,33.50038
1411,94625,Akira,1201,33.5019
1412,780504,Drive,62434,33.505054
1413,325710,The Last Samurai,7444,33.51994
1414,92099,Top Gun,1093,33.545612
1415,47478,Seven Samurai,135,33.556644
1416,103855,The Bodyguard,1488,33.773537
1417,58461,A Fistful of Dollars,235,33.91022
1418,110657,The Next Karate Kid,2108,34.11597
1419,97647,The Karate Kid Part III,1270,34.11659
1420,120177,Spawn,3254,34.118988
1421,87538,The Karate Kid,842,34.122032
1422,119173,G.I. Jane,3087,34.724815
1423,2713180,Fury,135536,34.72557
1424,141926,U-571,3897,34.734283
1425,215750,Enemy at the Gates,4995,34.735462
1426,89881,Ran,991,34.75995
1427,238546,Queen of the Damned,5254,35.488728
1428,115963,The Craft,2622,35.49582
1429,219699,The Gift,5026,35.503258
1430,103874,Bram Stoker's Dracula,1500,35.514046
1431,110148,Interview with the Vampire: The Vampire Chronicles,2060,35.514523
1432,1139797,Let the Right One In,86332,35.516205
1433,189998,Shadow of the Vampire,4639,35.64924
1434,63522,Rosemary's Baby,281,35.67177
1435,81505,The Shining,546,35.68726
1436,408236,Sweeney Todd: The Demon Barber of Fleet Street,46965,35.74456
1437,114279,Richard III,2433,36.4468
1438,457430,Pan's Labyrinth,55269,36.776466
1439,91187,Heartbreak Ridge,1042,36.84936
1440,91763,Platoon,1080,36.854218
1441,82096,The Boat,555,36.85674
1442,77416,The Deer Hunter,475,36.857788
1443,95327,Grave of the Fireflies,1218,36.858025
1444,93058,Full Metal Jacket,1120,36.86073
1445,50825,Paths of Glory,158,36.86748
1446,120815,Saving Private Ryan,3481,36.871746
1447,78788,Apocalypse Now,497,36.929974
1448,120863,The Thin Red Line,3504,36.95655
1449,361596,Fahrenheit 9/11,27831,37.01303
1450,361748,Inglourious Basterds,27904,37.093643
1451,50212,The Bridge on the River Kwai,157,37.12118
1452,116905,Lone Star,2746,37.87162
1453,68699,High Plains Drifter,349,37.88308
1454,105046,Of Mice and Men,1614,38.109608
1455,105695,Unforgiven,1673,38.111275
1456,1403865,True Grit,97306,38.118443
1457,1853728,Django Unchained,112138,38.138992
1458,32976,Rebecca,25,38.21537
1459,33467,Citizen Kane,26,38.255585
1460,43014,Sunset Blvd.,70,38.495205
1461,40522,Bicycle Thieves,48,38.840023
1462,42192,All About Eve,58,38.849884
1463,44081,A Streetcar Named Desire,88,38.858456
1464,48545,Rebel Without a Cause,144,38.886868
1465,56801,8½,208,38.96613
1466,111161,The Shawshank Redemption,2137,39.056904
1467,64665,Midnight Cowboy,293,39.103626
1468,137523,Fight Club,3809,39.112514
1469,73486,One Flew Over the Cuckoo's Nest,413,39.184906
1470,74958,Network,432,39.331196
1471,169547,American Beauty,4232,39.36395
1472,180093,Requiem for a Dream,4340,39.51805
1473,79417,Kramer vs. Kramer,508,39.536995
1474,117951,Trainspotting,2918,39.60745
1475,1205489,Gran Torino,88140,39.629898
1476,81283,Ordinary People,540,39.63442
1477,95953,Rain Man,1227,39.680756
1478,82846,On Golden Pond,594,39.727005
1479,469494,There Will Be Blood,56949,39.788456
1480,1454029,The Help,99114,39.96395
1481,88939,The Color Purple,923,39.96792
1482,105323,Scent of a Woman,1625,40.074238
1483,1065073,Boyhood,81845,40.125946
1484,175880,Magnolia,4310,40.213104
1485,118749,Boogie Nights,2993,40.27591
1486,107818,Philadelphia,1894,40.277695
1487,108550,What's Eating Gilbert Grape,1961,40.282516
1488,101921,Fried Green Tomatoes,1405,40.340218
1489,117666,Sling Blade,2858,40.371468
1490,154420,The Celebration,4005,40.386356
1491,814314,Seven Pounds,64983,40.388206
1492,449467,Babel,54190,40.441162
1493,116477,Hamlet,2702,40.485584
1494,185125,All About My Mother,4467,40.499756
1495,307901,25th Hour,6979,40.538197
1496,245574,Y tu mamá también,5419,40.54152
1497,277027,I Am Sam,6373,40.551434
1498,98724,"Sex, Lies, and Videotape",1289,40.589058
1499,120255,The Sweet Hereafter,3261,40.61954
1500,119349,The Ice Storm,3113,40.65041
1501,105265,A River Runs Through It,1620,40.659283
1502,335345,The Passion of the Christ,8641,40.666214
1503,181536,Finding Forrester,4343,40.704365
1504,223897,Pay It Forward,5064,40.72204
1505,113540,Kids,2398,40.793083
1506,109759,Exotica,2018,40.811237
1507,107501,The Man Without a Face,1835,40.935593
1508,120633,A Civil Action,3354,40.9845
1509,110638,Nell,2105,41.011856
1510,115964,Crash,2628,41.04177
1511,386032,Sicko,42011,41.262775
1512,114436,Showgirls,2467,41.268574
1513,2582802,Whiplash,134853,42.07401
1514,298203,8 Mile,6857,42.08019
1515,113862,Mr. Holland's Opus,2413,42.08199
1516,76666,Saturday Night Fever,466,42.082176
1517,249462,Billy Elliot,5528,42.08284
1518,108394,Three Colors: Blue,1958,42.142513
1519,120802,The Red Violin,3476,42.14367
1520,84503,Pink Floyd: The Wall,673,42.255386
1521,91605,The Name of the Rose,1079,42.68248
1522,50976,The Seventh Seal,159,42.698254
1523,113828,Les Misérables,2410,42.72832
1524,332452,Troy,8529,42.72842
1525,445922,Across the Universe,53519,42.797295
1526,243017,Waking Life,5349,42.803417
1527,58385,My Fair Lady,234,43.289227
1528,298228,Whale Rider,6863,43.344547
1529,38650,It's a Wonderful Life,45,43.55075
1530,97351,Field of Dreams,1261,43.574886
1531,113670,A Little Princess,2404,43.576286
1532,111112,The Secret of Roan Inish,2133,43.579483
1533,108071,The Secret Garden,1920,43.580032
1534,113419,The Indian in the Cupboard,2391,43.598713
1535,121164,Corpse Bride,3591,43.88871
1536,327597,Coraline,8228,43.889523
1537,116583,The Hunchback of Notre Dame,2712,43.893055
1538,460791,The Fall,55820,44.606133
1539,319061,Big Fish,7347,44.60623
1540,454876,Life of Pi,55052,44.611595
1541,112817,Dead Man,2325,44.61741
1542,82348,Excalibur,586,44.623787
1543,73341,The Man Who Would Be King,412,44.75194
1544,112384,Apollo 13,2232,44.96032
1545,159365,Cold Mountain,4017,44.968468
1546,57115,The Great Escape,223,44.98379
1547,99348,Dances with Wolves,1296,45.335144
1548,40897,The Treasure of the Sierra Madre,50,45.35588
1549,96754,The Abyss,1246,45.560677
1550,92005,Stand by Me,1089,45.616894
1551,52618,Ben-Hur,162,45.627453
1552,64276,Easy Rider,292,45.636665
1553,118158,White Squall,2948,45.64188
1554,88323,The NeverEnding Story,913,46.183388
1555,116329,Fly Away Home,2694,46.192566
1556,970179,Hugo,72737,46.20042
1557,46672,"20,000 Leagues Under the Sea",110,46.200882
1558,3040964,The Jungle Book,140110,46.20475
1559,109279,Black Beauty,1982,46.205105
1560,386117,Where the Wild Things Are,42723,46.207447
1561,106965,Free Willy,1754,46.21189
1562,118617,Anastasia,2966,47.23188
1563,120794,The Prince of Egypt,3468,47.2336
1564,84649,The Secret of NIMH,709,47.238075
1565,114148,Pocahontas,2424,47.2394
1566,82406,The Fox and the Hound,588,47.240295
1567,293416,Metropolis,6711,47.24056
1568,70016,Charlotte's Web,356,47.25015
1569,130623,Dinosaur,3717,47.250565
1570,34492,Bambi,32,47.25455
1571,33563,Dumbo,29,47.2548
1572,110357,The Lion King,2076,47.264748
1573,1291584,Warrior,91658,48.3655
1574,479143,Rocky Balboa,58998,48.377697
1575,99371,Days of Thunder,1297,48.385197
1576,95250,The Big Blue,1216,48.697582
1577,265662,The Rookie,5971,49.037514
1578,329575,Seabiscuit,8370,49.16526
1579,100507,Rocky V,1359,49.217987
1580,146838,Any Given Sunday,3981,49.219357
1581,90863,The Color of Money,1031,49.22096
1582,89927,Rocky IV,996,49.221237
1583,84602,Rocky III,708,49.2216
1584,79817,Rocky II,524,49.22202
1585,91217,Hoosiers,1049,49.222527
1586,1125849,The Wrestler,84944,49.22262
1587,87781,The Natural,866,49.22304
1588,405159,Million Dollar Baby,45950,49.225685
1589,75148,Rocky,440,49.227833
1590,54997,The Hustler,185,49.231255
1591,146984,The Legend of Bagger Vance,3986,49.24251
1592,110057,Hoop Dreams,2052,49.452236
1593,923752,The King of Kong: A Fistful of Quarters,70293,50.60675
1594,82158,Chariots of Fire,562,50.61086
1595,81398,Raging Bull,543,50.61529
1596,108065,Searching for Bobby Fischer,1918,50.618732
1597,108002,Rudy,1912,50.62107
1598,1210166,Moneyball,88163,50.622097
1599,210945,Remember the Titans,4967,50.62282
1600,878804,The Blind Side,69481,50.62342
1601,174856,The Hurricane,4306,50.623875
1602,54331,Spartacus,176,51.757065
1603,56172,Lawrence of Arabia,198,51.758865
1604,86197,The Right Stuff,780,51.76571
1605,114287,Rob Roy,2447,51.768486
1606,151137,The Messenger: The Story of Joan of Arc,3998,51.768536
1607,120102,Seven Years in Tibet,3247,51.773907
1608,758758,Into the Wild,60950,51.779423
1609,318462,The Motorcycle Diaries,7325,51.780487
1610,86879,Amadeus,802,52.67764
1611,101761,The Doors,1393,52.682755
1612,253474,The Pianist,5650,52.68319
1613,108551,What's Love Got to Do with It,1962,52.68488
1614,110116,Immortal Beloved,2059,52.685978
1615,117631,Shine,2841,52.689674
1616,358273,Walk the Line,27706,52.689854
1617,350258,Ray,8965,52.690895
1618,66206,Patton,316,53.223675
1619,96969,Born on the Fourth of July,1252,53.23524
1620,418763,Jarhead,48780,53.249382
1621,49408,The King and I,153,53.949413
1622,80678,The Elephant Man,535,53.997437
1623,83987,Gandhi,661,53.99975
1624,99077,Awakenings,1292,54.000156
1625,112792,Dangerous Minds,2324,54.004383
1626,117318,The People vs. Larry Flynt,2798,54.00698
1627,183659,Pollock,4386,54.007053
1628,203019,Men of Honor,4873,54.007515
1629,172493,"Girl, Interrupted",4262,54.00871
1630,195685,Erin Brockovich,4720,54.00983
1631,166896,The Straight Story,4148,54.012257
1632,436697,The Queen,52328,54.013584
1633,454921,The Pursuit of Happyness,55118,54.02219
1634,338751,The Aviator,8861,54.022423
1635,790636,Dallas Buyers Club,63113,54.030262
1636,268978,A Beautiful Mind,6281,54.030693
1637,1285016,The Social Network,91630,54.0316
1638,808417,Persepolis,64969,54.064228
1639,132477,October Sky,3745,54.767174
1640,308644,Finding Neverland,7004,54.771667
1641,59742,The Sound of Music,239,54.785053
1642,964517,The Fighter,72641,55.00699
1643,1979320,Rush,114180,55.014717
1644,2179136,American Sniper,117529,55.01482
1645,140352,The Insider,3869,55.422295
1646,117039,Michael Collins,2788,55.426956
1647,1024648,Argo,79695,55.43461
1648,2084970,The Imitation Game,115713,55.43664
1649,127536,Elizabeth,3683,56.90038
1650,108358,Tombstone,1957,56.900784
1651,110932,Quiz Show,2117,56.9014
1652,118607,Amistad,2953,56.901737
1653,455590,The Last King of Scotland,55247,56.9043
1654,104797,Malcolm X,1590,56.90491
1655,113987,Nixon,2421,56.908493
1656,97499,Henry V,1266,56.909
1657,433383,"Good Night, and Good Luck.",51662,56.909893
1658,97441,Glory,1263,56.911224
1659,395169,Hotel Rwanda,44974,56.911503
1660,93389,The Last Emperor,1135,56.913563
1661,363163,Downfall,30812,56.914333
1662,1504320,The King's Speech,103042,56.91675
1663,87553,The Killing Fields,852,56.91771
1664,2024544,12 Years a Slave,115617,56.91906
1665,422720,Marie Antoinette,49272,56.922905
1666,116250,Evita,2683,56.92322
1667,112573,Braveheart,2288,56.924217
1668,108052,Schindler's List,1917,56.925613
1669,317910,The Fog of War,7323,57.453728
1670,221027,Blow,5060,59.30936
1671,112461,The Basketball Diaries,2248,59.309593
1672,171804,Boys Don't Cry,4247,59.309803
1673,110005,Heavenly Creatures,2028,59.311153
1674,1013753,Milk,79091,59.311253
1675,379725,Capote,39292,59.31187
1676,340855,Monster,8874,59.31199
1677,119008,Donnie Brasco,3052,59.31304
1678,765429,American Gangster,61240,59.31456
1679,1895587,Spotlight,112552,59.315166
1680,107207,In the Name of the Father,1801,59.322315
1681,264464,Catch Me If You Can,5903,59.324802
1682,72890,Dog Day Afternoon,405,59.331444
1683,70666,Serpico,367,59.33237
1684,70511,Papillon,364,59.33266
1685,99685,Goodfellas,1307,59.33311
1686,64115,Butch Cassidy and the Sundance Kid,288,59.33584
1687,22111,The Maltese Falcon,7,60.92045
1688,36775,Double Indemnity,41,60.927807
1689,44079,Strangers on a Train,86,60.933117
1690,52311,Touch of Evil,160,60.935734
1691,114558,Strange Days,2471,61.628864
1692,103074,Thelma & Louise,1464,61.66155
1693,310793,Bowling for Columbine,7099,61.671455
1694,159382,Croupier,4018,62.321846
1695,119256,Hard Eight,3105,62.34287
1696,165798,Ghost Dog: The Way of the Samurai,4105,62.36113
1697,243133,The Man Who Wasn't There,5377,62.36118
1698,97108,"The Cook, the Thief, His Wife & Her Lover",1253,62.368057
1699,128442,Rounders,3688,62.369343
1700,86066,The Outsiders,765,62.36975
1701,112818,Dead Man Walking,2329,62.37129
1702,110729,Once Were Warriors,2110,62.373394
1703,276919,Dogville,6365,62.3864
1704,94291,Wall Street,1199,62.392147
1705,106489,A Bronx Tale,1717,62.39892
1706,101507,Boyz n the Hood,1379,62.40342
1707,399295,Lord of War,45666,62.413025
1708,1800241,American Hustle,111659,62.417362
1709,217505,Gangs of New York,5013,62.452515
1710,99674,The Godfather Part III,1304,62.468037
1711,61512,Cool Hand Luke,252,62.493614
1712,53198,The 400 Blows,164,62.506218
1713,87843,Once Upon a Time in America,898,62.507023
1714,112641,Casino,2294,62.534145
1715,56592,To Kill a Mockingbird,207,62.586437
1716,317248,City of God,7265,62.661335
1717,86250,Scarface,784,62.717434
1718,75314,Taxi Driver,441,62.731018
1719,120586,American History X,3271,62.852875
1720,50083,12 Angry Men,154,62.86328
1721,71562,The Godfather Part II,377,62.99501
1722,68646,The Godfather,348,63.198616
1723,110912,Pulp Fiction,2116,63.23611
1724,144084,American Psycho,3917,63.253716
1725,120689,The Green Mile,3398,63.346878
1726,55614,West Side Story,193,63.869328
1727,168629,Dancer in the Dark,4226,63.869434
1728,95647,Mississippi Burning,1221,64.00979
1729,478087,21,58295,64.02246
1730,110074,The Hudsucker Proxy,2054,66.14859
1731,96061,Scrooged,1230,66.14861
1732,120789,Pleasantville,3462,66.1492
1733,117128,Mystery Science Theater 3000: The Movie,2796,66.14926
1734,101889,The Fisher King,1396,66.14934
1735,218967,The Family Man,5025,66.149796
1736,120601,Being John Malkovich,3298,66.150185
1737,256380,Shallow Hal,5690,66.1503
1738,94737,Big,1206,66.150734
1739,120148,Sliding Doors,3248,66.15112
1740,42546,Harvey,65,66.15126
1741,354899,The Science of Sleep,8972,66.15129
1742,420223,Stranger Than Fiction,48783,66.15154
1743,107048,Groundhog Day,1772,66.15287
1744,116669,Jack,2717,66.15352
1745,102250,L.A. Story,1411,66.153656
1746,389860,Click,44665,66.15368
1747,2194499,About Time,117590,66.15388
1748,117038,Michael,2779,66.15473
1749,87755,The Muppets Take Manhattan,858,68.498665
1750,107131,Homeward Bound: The Incredible Journey,1784,68.49887
1751,89457,Ladyhawke,951,68.499405
1752,65988,Little Big Man,314,68.50006
1753,120655,Dogma,3359,68.50017
1754,181875,Almost Famous,4366,68.50037
1755,120669,Fear and Loathing in Las Vegas,3386,68.50063
1756,311289,Holes,7147,68.5017
1757,120783,The Parent Trap,3451,68.50246
1758,120595,Babe: Pig in the City,3275,68.50302
1759,825232,The Bucket List,66203,68.5031
1760,838221,The Darjeeling Limited,68319,68.50341
1761,359950,The Secret Life of Walter Mitty,27801,68.50407
1762,245686,Joe Dirt,5445,68.50418
1763,105629,Toys,1663,68.50537
1764,83564,Annie,609,70.49816
1765,327137,Secondhand Lions,7482,70.49862
1766,95270,Hairspray,1217,70.49912
1767,156812,My Dog Skip,4008,70.49938
1768,112431,Babe,2245,70.49962
1769,111070,The Santa Clause,2126,70.499756
1770,104868,The Mighty Ducks,1603,70.49994
1771,108037,The Sandlot,1916,70.50011
1772,94137,Three Men and a Baby,1197,70.50011
1773,103786,Beethoven,1483,70.50041
1774,116493,Harriet the Spy,2707,70.50057
1775,104940,The Muppet Christmas Carol,1608,70.50179
1776,822832,Marley & Me,65261,70.502365
1777,39628,Miracle on 34th Street,47,70.503006
1778,125664,Man on the Moon,3654,72.11237
1779,110877,The Postman,2115,72.1126
1780,93105,"Good Morning, Vietnam",1124,72.11289
1781,109707,Ed Wood,2012,72.112976
1782,305206,American Splendor,6936,72.11368
1783,110428,The Madness of King George,2082,72.113914
1784,119951,Private Parts,3210,72.11431
1785,1675434,The Intouchables,108190,72.1152
1786,1596363,The Big Short,104374,72.11536
1787,129290,Patch Adams,3701,72.11549
1788,78902,Breaking Away,502,73.05004
1789,104694,A League of Their Own,1588,73.05206
1790,99334,Cyrano de Bergerac,1295,73.32221
1791,138097,Shakespeare in Love,3812,73.323746
1792,120382,The Truman Show,3268,73.69026
1793,2562232,Birdman or (The Unexpected Virtue of Ignorance),134368,73.80272
1794,467406,Juno,56782,73.87514
1795,449059,Little Miss Sunshine,54001,73.89096
1796,335266,Lost in Translation,8640,73.950264
1797,2361509,The Intern,122912,74.04641
1798,458352,The Devil Wears Prada,55442,74.047775
1799,1033575,The Descendants,80463,74.10444
1800,265666,The Royal Tenenbaums,5989,74.3059
1801,427944,Thank You for Smoking,50068,74.306435
1802,1019452,A Serious Man,79293,74.36756
1803,268126,Adaptation.,6188,74.48616
1804,427327,Hairspray,49651,74.50742
1805,286244,The Triplets of Belleville,6564,74.581154
1806,340377,The Station Agent,8873,74.73901
1807,257360,About Schmidt,5810,74.857346
1808,332375,Saved!,8464,74.89979
1809,162346,Ghost World,4025,74.96895
1810,273923,Orange County,6294,75.019646
1811,142342,Big Daddy,3910,75.021774
1812,280760,Igby Goes Down,6503,75.028725
1813,191754,28 Days,4701,75.08322
1814,131369,Edtv,3740,75.11964
1815,120202,State and Main,3259,75.14191
1816,126250,Cookie's Fortune,3671,75.22874
1817,185014,Wonder Boys,4448,75.22956
1818,119942,Primary Colors,3203,75.2513
1819,112571,Boys on the Side,2273,75.31962
1820,110971,Renaissance Man,2123,75.32436
1821,114682,"To Wong Foo, Thanks for Everything! Julie Newmar",2490,75.38839
1822,110771,The Paper,2114,75.45857
1823,120885,Wag the Dog,3508,75.51317
1824,119164,The Full Monty,3083,75.55068
1825,117802,Swingers,2890,75.66921
1826,113118,Friday,2367,75.7516
1827,147612,Happiness,3988,75.77869
1828,107614,Mrs. Doubtfire,1876,75.844124
1829,110598,Muriel's Wedding,2094,75.873
1830,114478,Smoke,2468,75.91607
1831,114906,Welcome to the Dollhouse,2533,75.91828
1832,103850,Bob Roberts,1485,75.93867
1833,110684,Nobody's Fool,2109,75.95035
1834,113677,Living in Oblivion,2405,75.991585
1835,89017,Desperately Seeking Susan,924,76.12322
1836,98067,Parenthood,1278,76.262115
1837,117589,Secrets & Lies,2826,76.311455
1838,100519,Rosencrantz & Guildenstern Are Dead,1367,76.32632
1839,108122,Short Cuts,1923,76.337364
1840,85970,Mr. Mom,761,76.51718
1841,97123,Crimes and Misdemeanors,1254,76.73573
1842,97216,Do the Right Thing,1259,76.801735
1843,93748,"Planes, Trains & Automobiles",1178,76.8185
1844,85244,The Big Chill,737,76.82877
1845,83833,Diner,637,76.87771
1846,83929,Fast Times at Ridgemont High,648,76.89802
1847,86425,Terms of Endearment,788,76.93005
1848,91167,Hannah and Her Sisters,1041,76.93989
1849,91288,Jean de Florette,1059,76.98338
1850,97165,Dead Poets Society,1257,77.0997
1851,88847,The Breakfast Club,919,77.11184
1852,78841,Being There,500,77.16283
1853,69704,American Graffiti,353,77.227425
1854,61735,Guess Who's Coming to Dinner,260,77.34126
1855,31679,Mr. Smith Goes to Washington,18,77.43506
1856,108149,Six Degrees of Separation,1945,78.05583
1857,280707,Gosford Park,6502,78.05726
1858,412019,Broken Flowers,47200,78.058334
1859,88933,Cocoon,922,78.113716
1860,182789,Bicentennial Man,4368,78.11619
1861,101410,Barton Fink,1376,78.52638
1862,115798,The Cable Guy,2605,78.52954
1863,283509,No Man's Land,6539,79.01977
1864,66026,MASH,315,79.02271
1865,48380,Mister Roberts,141,79.02349
1866,32553,The Great Dictator,21,79.02493
1867,101605,The Commitments,1385,80.47813
1868,117615,Shall We Dance?,2840,80.47828
1869,372824,The Chorus,35836,80.47856
1870,146882,High Fidelity,3984,80.478745
1871,105415,Singles,1639,80.47882
1872,133189,SLC Punk!,3753,80.47889
1873,105488,Strictly Ballroom,1653,80.479004
1874,112950,Empire Records,2346,80.479065
1875,248845,Hedwig and the Angry Inch,5507,80.479225
1876,200550,Coyote Ugly,4855,80.4804
1877,117887,That Thing You Do!,2908,80.48066
1878,90967,Down by Law,1032,83.109764
1879,70735,The Sting,371,83.10988
1880,105151,The Player,1616,83.110825
1881,86200,Risky Business,783,83.11135
1882,105435,Sneakers,1644,83.11154
1883,114681,To Die For,2485,83.112595
1884,325805,Matchstick Men,7445,83.11261
1885,110955,The Ref,2122,83.11262
1886,120780,Out of Sight,3450,83.11268
1887,307987,Bad Santa,6993,83.11281
1888,115734,Bottle Rocket,2598,83.112915
1889,780536,In Bruges,62999,83.11294
1890,120241,Suicide Kings,3260,83.113075
1891,887883,Burn After Reading,69644,83.113075
1892,120906,Zero Effect,3543,83.11315
1893,98536,Turner & Hooch,1284,83.11339
1894,171580,Nurse Betty,4246,83.11372
1895,266452,Death to Smoochy,5992,83.113884
1896,117765,Striptease,2872,83.11527
1897,1010048,Slumdog Millionaire,78499,85.52751
1898,108399,True Romance,1959,85.529915
1899,104036,The Crying Game,1518,85.53252
1900,162677,Summer of Sam,4033,85.533195
1901,113243,Hackers,2378,85.53337
1902,96244,Tequila Sunrise,1231,85.53449
1903,352248,Cinderella Man,8970,86.96592
1904,2980516,The Theory of Everything,139644,86.96599
1905,108101,Shadowlands,1921,86.96832
1906,335119,Girl with a Pearl Earring,8636,86.968575
1907,120679,Frida,3388,86.96923
1908,1135503,Julie & Julia,85510,86.96944
1909,89755,Out of Africa,955,86.972145
1910,31381,Gone with the Wind,17,88.23986
1911,34583,Casablanca,34,88.24292
1912,45793,From Here to Eternity,101,88.24753
1913,59113,Doctor Zhivago,236,88.25088
1914,116209,The English Patient,2662,88.258064
1915,110322,Legends of the Fall,2072,88.2583
1916,43265,The African Queen,73,89.234924
1917,162222,Cast Away,4023,89.24266
1918,80453,The Blue Lagoon,532,89.24397
1919,104231,Far and Away,1552,89.244026
1920,163978,The Beach,4040,89.244965
1921,104839,Medicine Man,1597,89.24767
1922,416320,Match Point,48304,89.94822
1923,90329,Witness,1019,89.95234
1924,1798709,Her,111364,90.05932
1925,338013,Eternal Sunshine of the Spotless Mind,8784,90.06009
1926,104291,Forever Young,1562,90.075516
1927,38787,Notorious,46,90.53076
1928,61395,Belle de Jour,248,90.69026
1929,63518,Romeo and Juliet,280,90.70163
1930,174480,Autumn in New York,4299,90.9739
1931,90060,St. Elmo's Fire,999,90.99724
1932,84434,An Officer and a Gentleman,671,91.05904
1933,118055,Up Close & Personal,2944,91.093765
1934,91867,A Room with a View,1084,91.24334
1935,111693,When a Man Loves a Woman,2167,91.26755
1936,90830,Children of a Lesser God,1030,91.28563
1937,112679,Circle of Friends,2300,91.33594
1938,279113,The Good Girl,6440,91.34649
1939,114887,A Walk in the Clouds,2530,91.41523
1940,96332,The Unbearable Lightness of Being,1237,91.43969
1941,114057,Othello,2422,91.53185
1942,103994,Like Water for Chocolate,1517,91.53731
1943,117509,Romeo + Juliet,2819,91.58674
1944,110367,Little Women,2080,91.59291
1945,119223,Great Expectations,3101,91.61174
1946,94947,Dangerous Liaisons,1211,91.62964
1947,106226,The Age of Innocence,1687,91.67856
1948,104454,Howards End,1580,91.72394
1949,139134,Cruel Intentions,3831,91.79852
1950,115678,Big Night,2580,91.85117
1951,285742,Monster's Ball,6541,92.01457
1952,113627,Leaving Las Vegas,2403,92.036476
1953,112579,The Bridges of Madison County,2289,92.05161
1954,159097,The Virgin Suicides,4015,92.06573
1955,107943,The Remains of the Day,1907,92.101906
1956,124315,The Cider House Rules,3638,92.12053
1957,309987,The Dreamers,7046,92.13825
1958,297884,Far from Heaven,6793,92.13826
1959,114388,Sense and Sensibility,2463,92.1652
1960,241303,Chocolat,5294,92.21534
1961,281358,A Walk to Remember,6534,92.32324
1962,274558,The Hours,6297,92.334404
1963,376541,Closer,37733,92.36217
1964,397535,Memoirs of a Geisha,45431,92.3635
1965,118694,In the Mood for Love,2987,92.63573
1966,112471,Before Sunrise,2253,92.72458
1967,95765,Cinema Paradiso,1224,92.7261
1968,414387,Pride & Prejudice,47997,92.77806
1969,381681,Before Sunset,40583,92.82242
1970,388795,Brokeback Mountain,44199,92.824905
1971,1343092,The Great Gatsby,94864,93.05493
1972,332280,The Notebook,8376,93.061775
1973,1659337,The Perks of Being a Wallflower,106918,93.07684
1974,119217,Good Will Hunting,3100,93.27505
1975,120338,Titanic,3263,93.30995
1976,109830,Forrest Gump,2020,93.36565
1977,109836,Mary Shelley's Frankenstein,2023,93.74154
1978,111742,Wolf,2174,93.74605
1979,293508,The Phantom of the Opera,6753,93.917114
1980,203009,Moulin Rouge!,4865,93.91785
1981,43278,An American in Paris,79,93.93717
1982,107822,The Piano,1895,94.67202
1983,92890,Dirty Dancing,1101,94.67254
1984,85549,Flashdance,743,94.67475
1985,206275,Save the Last Dance,4881,94.674995
1986,87277,Footloose,836,94.67646
1987,414993,The Fountain,48043,95.79703
1988,387131,The Constant Gardener,43928,95.797035
1989,783233,Atonement,63082,95.79719
1990,287467,Talk to Her,6593,95.79758
1991,111495,Three Colors: Red,2146,95.79791
1992,307479,Solaris,6957,95.79948
1993,106471,Boxing Helena,1711,95.80631
1994,119643,Meet Joe Black,3168,97.69993
1995,93191,Wings of Desire,1129,97.70074
1996,99653,Ghost,1303,97.70088
1997,421715,The Curious Case of Benjamin Button,48877,97.70094
1998,117333,Phenomenon,2803,97.70098
1999,120632,City of Angels,3328,97.701904
2000,120889,What Dreams May Come,3526,97.70192
2001,99487,Edward Scissorhands,1301,97.7035
2002,1099212,Twilight,84152,97.705536
2003,21749,City Lights,3,102.163475
2004,27977,Modern Times,14,102.17927
2005,32599,His Girl Friday,22,102.210014
2006,47437,Sabrina,125,102.324554
2007,53604,The Apartment,170,102.38344
2008,54698,Breakfast at Tiffany's,180,102.42697
2009,61722,The Graduate,257,102.51304
2010,67185,Harold and Maude,338,102.65567
2011,79522,Manhattan,515,102.968994
2012,76095,The Goodbye Girl,454,103.049
2013,84805,Tootsie,724,103.33151
2014,98635,When Harry Met Sally...,1288,103.57682
2015,111797,Eat Drink Man Woman,2193,103.8219
2016,92699,Broadcast News,1100,103.86009
2017,97239,Driving Miss Daisy,1260,103.887764
2018,98258,Say Anything,1282,103.89832
2019,111507,Three Colors: White,2153,103.93957
2020,93565,Moonstruck,1173,103.94284
2021,107616,Much Ado About Nothing,1882,104.23934
2022,91790,Pretty in Pink,1081,104.2851
2023,96463,Working Girl,1243,104.37932
2024,106387,Benny & Joon,1702,104.54473
2025,109831,Four Weddings and a Funeral,2021,104.66187
2026,107050,Grumpy Old Men,1777,104.696304
2027,104040,The Cutting Edge,1527,104.764046
2028,109219,Barcelona,1970,104.80778
2029,117991,Twelfth Night,2926,104.85043
2030,108160,Sleepless in Seattle,1947,105.03825
2031,112346,The American President,2231,105.331985
2032,120631,Ever After: A Cinderella Story,3317,105.36557
2033,112883,Don Juan DeMarco,2338,105.42774
2034,114924,While You Were Sleeping,2539,105.52399
2035,110950,Reality Bites,2118,105.61707
2036,109484,"Corrina, Corrina",2003,105.62151
2037,112966,The Englishman Who Went Up a Hill But Came Down a Mountain,2352,105.71322
2038,112585,The Brothers McMullen,2291,105.713745
2039,113117,French Kiss,2366,105.71651
2040,118798,Bulworth,3004,105.72346
2041,116191,Emma,2657,105.81567
2042,110167,It Could Happen to You,2064,105.98114
2043,117918,Tin Cup,2916,106.14651
2044,113347,How to Make an American Quilt,2387,106.20726
2045,124298,Blast from the Past,3635,106.22265
2046,114319,Sabrina,2450,106.22436
2047,234853,The Tao of Steve,5171,106.29361
2048,120777,The Opposite of Sex,3448,106.32464
2049,139699,Varsity Blues,3863,106.4
2050,94889,Cocktail,1209,106.504005
2051,119738,My Best Friend's Wedding,3178,106.51867
2052,119141,Fools Rush In,3082,106.60183
2053,111201,Sirens,2139,106.63307
2054,108186,Son in Law,1953,106.66148
2055,171433,Keeping the Faith,4239,106.70933
2056,103859,Boomerang,1499,106.71592
2057,120797,Pushing Tin,3471,106.798805
2058,151738,Never Been Kissed,3999,106.843315
2059,252076,Maid in Manhattan,5620,107.13464
2060,317198,Bridget Jones: The Edge of Reason,7247,107.23063
2061,452594,The Break-Up,54881,107.30511
2062,1000774,Sex and the City,77455,107.31781
2063,371246,Spanglish,34072,107.54655
2064,385267,In Good Company,41571,107.58146
2065,259446,My Big Fat Greek Wedding,5878,107.75371
2066,128853,You've Got Mail,3698,107.79439
2067,286499,Bend It Like Beckham,6565,107.81233
2068,337741,Something's Gotta Give,8781,107.962555
2069,274812,Secretary,6323,108.11999
2070,1001508,He's Just Not That Into You,77561,108.177536
2071,243155,Bridget Jones's Diary,5378,108.25196
2072,265208,The Girl Next Door,5952,108.4759
2073,118842,Chasing Amy,3006,108.704
2074,118789,Buffalo '66,3000,108.76383
2075,265343,Monsoon Wedding,5954,108.82841
2076,1091722,Adventureland,83134,108.93689
2077,276751,About a Boy,6350,109.221275
2078,1041829,The Proposal,80549,109.26041
2079,343660,50 First Dates,8910,109.26536
2080,431308,P.S. I Love You,51255,109.413124
2081,272338,Punch-Drunk Love,6287,109.483986
2082,116695,Jerry Maguire,2720,109.51065
2083,832266,"Definitely, Maybe",68157,109.52416
2084,128445,Rushmore,3697,109.60333
2085,125439,Notting Hill,3646,109.680954
2086,497465,Vicky Cristina Barcelona,60126,109.780304
2087,333766,Garden State,8533,109.84134
2088,147800,10 Things I Hate About You,3994,109.85158
2089,800039,Forgetting Sarah Marshall,63992,109.870865
2090,375063,Sideways,37386,109.877716
2091,301357,Good Bye Lenin!,6879,109.893105
2092,119822,As Good as It Gets,3186,109.94185
2093,1282140,Easy A,91542,110.1888
2094,1193138,Up in the Air,87869,110.433136
2095,362227,The Terminal,30793,110.55247
2096,1306980,50/50,93510,110.633545
2097,314331,Love Actually,7160,110.684525
2098,1655442,The Artist,106916,110.69066
2099,1748122,Moonrise Kingdom,110553,110.75185
2100,1570728,"Crazy, Stupid, Love.",103335,110.769196
2101,1022603,500 Days of Summer,79592,110.82941
2102,1045658,Silver Linings Playbook,80906,110.9766
2103,118799,Life Is Beautiful,3005,111.13799
